DateTime,Price
2024-09-16 15:46:00,2289.0365332
2024-09-16 15:46:01,2289.22840394
2024-09-16 15:46:02,2289.12896711
2024-09-16 15:46:03,2289.16452405
2024-09-16 15:46:04,2288.98978889
2024-09-16 15:46:05,2288.98750049
2024-09-16 15:46:06,2288.8738005
2024-09-16 15:46:07,2288.85996788
2024-09-16 15:46:08,2288.86896034
2024-09-16 15:46:09,2288.76454796
2024-09-16 15:46:10,2288.38376154
2024-09-16 15:46:11,2288.39250955
2024-09-16 15:46:12,2288.3
2024-09-16 15:46:13,2288.10494186
2024-09-16 15:46:14,2288.03811915
2024-09-16 15:46:15,2287.93576665
2024-09-16 15:46:16,2287.92705913
2024-09-16 15:46:17,2287.99911669
2024-09-16 15:46:18,2288.13978077
2024-09-16 15:46:19,2287.99590654
2024-09-16 15:46:20,2288.17677873
2024-09-16 15:46:21,2288.28505838
2024-09-16 15:46:22,2288.375
2024-09-16 15:46:23,2288.385
2024-09-16 15:46:24,2288.44203052
2024-09-16 15:46:25,2288.545
2024-09-16 15:46:26,2288.545
2024-09-16 15:46:27,2288.4701204
2024-09-16 15:46:28,2288.48919295
2024-09-16 15:46:29,2288.49269039
2024-09-16 15:46:30,2288.3324094
2024-09-16 15:46:31,2288.38358201
2024-09-16 15:46:32,2288.39110038
2024-09-16 15:46:33,2288.430003
2024-09-16 15:46:34,2288.54940224
2024-09-16 15:46:35,2288.90591171
2024-09-16 15:46:36,2289.12345529
2024-09-16 15:46:37,2289.32790456
2024-09-16 15:46:38,2289.67943414
2024-09-16 15:46:39,2289.74050259
2024-09-16 15:46:40,2289.9244316
2024-09-16 15:46:41,2290.025
2024-09-16 15:46:42,2289.92891825
2024-09-16 15:46:43,2289.93622282
2024-09-16 15:46:44,2289.84162635
2024-09-16 15:46:45,2289.79887232
2024-09-16 15:46:46,2289.82717487
2024-09-16 15:46:47,2289.81823947
2024-09-16 15:46:48,2289.81744986
2024-09-16 15:46:49,2289.81717266
2024-09-16 15:46:50,2289.81323805
2024-09-16 15:46:51,2289.83193997
2024-09-16 15:46:52,2289.7778752
2024-09-16 15:46:53,2289.7253651
2024-09-16 15:46:54,2289.8163065
2024-09-16 15:46:55,2289.79690533
2024-09-16 15:46:56,2289.70179172
2024-09-16 15:46:57,2289.70182013
2024-09-16 15:46:58,2289.60000252
2024-09-16 15:46:59,2289.69848569
2024-09-16 15:47:00,2289.52139475
2024-09-16 15:45:00,2289.20056226
2024-09-16 15:45:01,2289.24549833
2024-09-16 15:45:02,2289.35500576
2024-09-16 15:45:03,2289.24430572
2024-09-16 15:45:04,2289.3310839
2024-09-16 15:45:05,2289.27905252
2024-09-16 15:45:06,2288.991307
2024-09-16 15:45:07,2289.10449894
2024-09-16 15:45:08,2289.14140443
2024-09-16 15:45:09,2289.14140443
2024-09-16 15:45:10,2289.11053694
2024-09-16 15:45:11,2289.11177043
2024-09-16 15:45:12,2289.10524545
2024-09-16 15:45:13,2289.12586974
2024-09-16 15:45:14,2289.17578109
2024-09-16 15:45:15,2289.23398679
2024-09-16 15:45:16,2289.19908756
2024-09-16 15:45:17,2289.3862716
2024-09-16 15:45:18,2289.36116682
2024-09-16 15:45:19,2289.44250049
2024-09-16 15:45:20,2289.47290305
2024-09-16 15:45:21,2289.55200686
2024-09-16 15:45:22,2289.65776539
2024-09-16 15:45:23,2289.7175005
2024-09-16 15:45:24,2289.6213865
2024-09-16 15:45:25,2289.71
2024-09-16 15:45:26,2289.6289059
2024-09-16 15:45:27,2289.67513842
2024-09-16 15:45:28,2289.755
2024-09-16 15:45:29,2289.745
2024-09-16 15:45:30,2289.745
2024-09-16 15:45:31,2289.735
2024-09-16 15:45:32,2289.73364486
2024-09-16 15:45:33,2289.72698482
2024-09-16 15:45:34,2289.72495322
2024-09-16 15:45:35,2289.70083409
2024-09-16 15:45:36,2289.71139899
2024-09-16 15:45:37,2289.8807081
2024-09-16 15:45:38,2289.95751713
2024-09-16 15:45:39,2289.98614382
2024-09-16 15:45:40,2290.00613484
2024-09-16 15:45:41,2290.04
2024-09-16 15:45:42,2289.91928564
2024-09-16 15:45:43,2289.74809232
2024-09-16 15:45:44,2289.84815601
2024-09-16 15:45:45,2289.803908
2024-09-16 15:45:46,2289.63638447
2024-09-16 15:45:47,2289.41750049
2024-09-16 15:45:48,2289.36500299
2024-09-16 15:45:49,2289.32453227
2024-09-16 15:45:50,2289.24047054
2024-09-16 15:45:51,2289.17500299
2024-09-16 15:45:52,2289.25138744
2024-09-16 15:45:53,2289.05062116
2024-09-16 15:45:54,2288.90374121
2024-09-16 15:45:55,2288.9180043
2024-09-16 15:45:56,2288.93611038
2024-09-16 15:45:57,2288.9839847
2024-09-16 15:45:58,2288.9502185
2024-09-16 15:45:59,2288.93642517
2024-09-16 15:46:00,2289.0365332
2024-09-16 15:44:00,2289.57749177
2024-09-16 15:44:01,2289.49931986
2024-09-16 15:44:02,2289.50015151
2024-09-16 15:44:03,2289.57250725
2024-09-16 15:44:04,2289.4401611
2024-09-16 15:44:05,2289.40597186
2024-09-16 15:44:06,2289.2425005
2024-09-16 15:44:07,2289.03402978
2024-09-16 15:44:08,2289.0760323
2024-09-16 15:44:09,2289.03768236
2024-09-16 15:44:10,2288.98645211
2024-09-16 15:44:11,2288.85741816
2024-09-16 15:44:12,2289.09904649
2024-09-16 15:44:13,2289.00495897
2024-09-16 15:44:14,2289.08251729
2024-09-16 15:44:15,2289.22591765
2024-09-16 15:44:16,2289.06571935
2024-09-16 15:44:17,2289.0960077
2024-09-16 15:44:18,2289.25253029
2024-09-16 15:44:19,2289.30252115
2024-09-16 15:44:20,2289.19198918
2024-09-16 15:44:21,2289.15041106
2024-09-16 15:44:22,2289.2434575
2024-09-16 15:44:23,2289.25475341
2024-09-16 15:44:24,2289.27510188
2024-09-16 15:44:25,2289.2587786
2024-09-16 15:44:26,2289.18430349
2024-09-16 15:44:27,2289.10588557
2024-09-16 15:44:28,2289.30780781
2024-09-16 15:44:29,2289.34896317
2024-09-16 15:44:30,2289.16071999
2024-09-16 15:44:31,2289.30250247
2024-09-16 15:44:32,2289.19592749
2024-09-16 15:44:33,2289.11073174
2024-09-16 15:44:34,2289.19367538
2024-09-16 15:44:35,2289.25999999
2024-09-16 15:44:36,2289.2636911
2024-09-16 15:44:37,2289.33546276
2024-09-16 15:44:38,2289.40991988
2024-09-16 15:44:39,2289.40991988
2024-09-16 15:44:40,2289.32557593
2024-09-16 15:44:41,2289.25713166
2024-09-16 15:44:42,2289.39343211
2024-09-16 15:44:43,2289.21378129
2024-09-16 15:44:44,2289.22453369
2024-09-16 15:44:45,2289.21616116
2024-09-16 15:44:46,2289.23435181
2024-09-16 15:44:47,2289.2560072
2024-09-16 15:44:48,2289.19594842
2024-09-16 15:44:49,2289.14230488
2024-09-16 15:44:50,2289.14230488
2024-09-16 15:44:51,2289.18076858
2024-09-16 15:44:51,2289.18076858
2024-09-16 15:44:52,2289.15729623
2024-09-16 15:44:53,2289.16059937
2024-09-16 15:44:54,2289.18283968
2024-09-16 15:44:55,2289.15594566
2024-09-16 15:44:56,2289.15376075
2024-09-16 15:44:57,2289.13845496
2024-09-16 15:44:58,2289.14490449
2024-09-16 15:44:59,2289.15643403
2024-09-16 15:45:00,2289.20056226
2024-09-16 15:43:00,2287.54633552
2024-09-16 15:43:01,2287.47806913
2024-09-16 15:43:02,2287.45531156
2024-09-16 15:43:03,2287.39499999
2024-09-16 15:43:04,2287.38315303
2024-09-16 15:43:05,2287.64262314
2024-09-16 15:43:06,2287.53076265
2024-09-16 15:43:07,2287.51329548
2024-09-16 15:43:08,2287.69975586
2024-09-16 15:43:09,2287.84998443
2024-09-16 15:43:10,2287.8475005
2024-09-16 15:43:11,2287.84763355
2024-09-16 15:43:12,2287.8650427
2024-09-16 15:43:13,2287.86501327
2024-09-16 15:43:14,2287.8699998
2024-09-16 15:43:15,2287.71446892
2024-09-16 15:43:16,2287.85862532
2024-09-16 15:43:17,2287.87000957
2024-09-16 15:43:18,2287.80853821
2024-09-16 15:43:19,2287.93242605
2024-09-16 15:43:20,2288.20033383
2024-09-16 15:43:21,2288.3368779
2024-09-16 15:43:22,2288.28051062
2024-09-16 15:43:23,2288.18250049
2024-09-16 15:43:23,2288.18250049
2024-09-16 15:43:24,2288.29932321
2024-09-16 15:43:25,2288.28824851
2024-09-16 15:43:26,2288.27592313
2024-09-16 15:43:27,2288.21312607
2024-09-16 15:43:28,2288.17121586
2024-09-16 15:43:28,2288.17121586
2024-09-16 15:43:29,2288.33999999
2024-09-16 15:43:29,2288.33999999
2024-09-16 15:43:30,2288.60382851
2024-09-16 15:43:31,2288.513782
2024-09-16 15:43:32,2288.57867531
2024-09-16 15:43:33,2288.66410342
2024-09-16 15:43:34,2288.58716452
2024-09-16 15:43:35,2288.58966403
2024-09-16 15:43:36,2288.68929536
2024-09-16 15:43:37,2288.59750999
2024-09-16 15:43:38,2288.66600383
2024-09-16 15:43:39,2288.6728758
2024-09-16 15:43:40,2288.67562958
2024-09-16 15:43:41,2288.68378997
2024-09-16 15:43:42,2288.775
2024-09-16 15:43:43,2289.28527069
2024-09-16 15:43:44,2289.38714069
2024-09-16 15:43:45,2289.37820612
2024-09-16 15:43:46,2289.37980155
2024-09-16 15:43:47,2289.4
2024-09-16 15:43:48,2289.38943632
2024-09-16 15:43:49,2289.45911759
2024-09-16 15:43:50,2289.495
2024-09-16 15:43:51,2289.51713915
2024-09-16 15:43:52,2289.5025005
2024-09-16 15:43:53,2289.48071722
2024-09-16 15:43:54,2289.48499999
2024-09-16 15:43:55,2289.47849016
2024-09-16 15:43:56,2289.5693481
2024-09-16 15:43:57,2289.5693481
2024-09-16 15:43:58,2289.68178125
2024-09-16 15:43:59,2289.5446608
2024-09-16 15:43:59,2289.5446608
2024-09-16 15:44:00,2289.57749177
2024-09-16 15:42:00,2287.70198932
2024-09-16 15:42:01,2287.78514204
2024-09-16 15:42:02,2287.9671111
2024-09-16 15:42:03,2288.021207
2024-09-16 15:42:04,2288.03527756
2024-09-16 15:42:05,2288.01621399
2024-09-16 15:42:06,2287.99139669
2024-09-16 15:42:07,2287.80564632
2024-09-16 15:42:08,2287.96784797
2024-09-16 15:42:09,2287.84509895
2024-09-16 15:42:10,2287.80379888
2024-09-16 15:42:11,2287.99250049
2024-09-16 15:42:12,2287.9408015
2024-09-16 15:42:13,2287.87456619
2024-09-16 15:42:14,2287.97500001
2024-09-16 15:42:15,2287.95373644
2024-09-16 15:42:16,2287.92697185
2024-09-16 15:42:17,2287.87948526
2024-09-16 15:42:18,2287.85225149
2024-09-16 15:42:19,2287.6668519
2024-09-16 15:42:20,2287.74578738
2024-09-16 15:42:21,2287.81735634
2024-09-16 15:42:22,2287.62406306
2024-09-16 15:42:23,2287.8177791
2024-09-16 15:42:24,2287.84250027
2024-09-16 15:42:25,2287.86660241
2024-09-16 15:42:26,2287.85810043
2024-09-16 15:42:27,2287.78848042
2024-09-16 15:42:28,2287.81249922
2024-09-16 15:42:29,2287.8275125
2024-09-16 15:42:30,2287.66416419
2024-09-16 15:42:31,2287.80730739
2024-09-16 15:42:32,2287.66931786
2024-09-16 15:42:33,2287.87139216
2024-09-16 15:42:34,2287.77407259
2024-09-16 15:42:35,2287.8475005
2024-09-16 15:42:36,2287.78021164
2024-09-16 15:42:37,2287.61906518
2024-09-16 15:42:38,2287.66978389
2024-09-16 15:42:39,2287.63166242
2024-09-16 15:42:40,2287.81749342
2024-09-16 15:42:41,2287.67302739
2024-09-16 15:42:42,2287.82853502
2024-09-16 15:42:43,2287.86892135
2024-09-16 15:42:44,2287.85886419
2024-09-16 15:42:45,2287.82999994
2024-09-16 15:42:46,2287.7775005
2024-09-16 15:42:47,2287.63184206
2024-09-16 15:42:48,2287.6525005
2024-09-16 15:42:49,2287.6525005
2024-09-16 15:42:50,2287.40475622
2024-09-16 15:42:51,2287.45178806
2024-09-16 15:42:52,2287.5970005
2024-09-16 15:42:53,2287.42215721
2024-09-16 15:42:54,2287.32233467
2024-09-16 15:42:55,2287.39499999
2024-09-16 15:42:56,2287.29809585
2024-09-16 15:42:57,2287.375001
2024-09-16 15:42:58,2287.563683
2024-09-16 15:42:59,2287.61299335
2024-09-16 15:43:00,2287.54633552
2024-09-16 15:41:00,2288.56109874
2024-09-16 15:41:01,2288.40838897
2024-09-16 15:41:02,2288.33402625
2024-09-16 15:41:03,2288.36193275
2024-09-16 15:41:04,2288.39315262
2024-09-16 15:41:05,2288.33402625
2024-09-16 15:41:06,2288.30814663
2024-09-16 15:41:07,2288.37419056
2024-09-16 15:41:08,2288.42471765
2024-09-16 15:41:09,2288.27900298
2024-09-16 15:41:10,2288.47279983
2024-09-16 15:41:11,2288.14104435
2024-09-16 15:41:12,2288.14081953
2024-09-16 15:41:13,2288.11793853
2024-09-16 15:41:14,2288.15780715
2024-09-16 15:41:15,2288.2085131
2024-09-16 15:41:16,2288.14281332
2024-09-16 15:41:17,2288.14288108
2024-09-16 15:41:18,2288.12250622
2024-09-16 15:41:19,2288.1533422
2024-09-16 15:41:20,2288.275
2024-09-16 15:41:21,2288.29499994
2024-09-16 15:41:22,2288.40033593
2024-09-16 15:41:23,2288.40502079
2024-09-16 15:41:24,2288.38125537
2024-09-16 15:41:25,2288.24314715
2024-09-16 15:41:26,2288.30714708
2024-09-16 15:41:27,2288.30401474
2024-09-16 15:41:28,2288.29804207
2024-09-16 15:41:29,2288.2975005
2024-09-16 15:41:30,2288.34128296
2024-09-16 15:41:31,2288.24673271
2024-09-16 15:41:32,2288.24750049
2024-09-16 15:41:33,2287.91553251
2024-09-16 15:41:34,2287.90311346
2024-09-16 15:41:35,2287.90429242
2024-09-16 15:41:36,2287.84999998
2024-09-16 15:41:37,2287.89724282
2024-09-16 15:41:38,2287.91108674
2024-09-16 15:41:39,2287.92821217
2024-09-16 15:41:40,2287.92987647
2024-09-16 15:41:41,2287.95584616
2024-09-16 15:41:42,2287.91164392
2024-09-16 15:41:43,2287.83469759
2024-09-16 15:41:44,2287.82299196
2024-09-16 15:41:45,2287.96750049
2024-09-16 15:41:46,2287.75162853
2024-09-16 15:41:47,2287.76465996
2024-09-16 15:41:48,2287.95142975
2024-09-16 15:41:49,2287.73022979
2024-09-16 15:41:50,2287.91499999
2024-09-16 15:41:51,2287.77234264
2024-09-16 15:41:52,2287.88293285
2024-09-16 15:41:53,2287.78219668
2024-09-16 15:41:54,2287.8578384
2024-09-16 15:41:55,2287.77628048
2024-09-16 15:41:56,2287.83894475
2024-09-16 15:41:57,2287.80943667
2024-09-16 15:41:58,2287.89956756
2024-09-16 15:41:59,2287.85246185
2024-09-16 15:42:00,2287.70198932
2024-09-16 15:40:00,2291.18008826
2024-09-16 15:40:01,2291.29
2024-09-16 15:40:02,2291.095005
2024-09-16 15:40:03,2291.13187691
2024-09-16 15:40:04,2291.17897396
2024-09-16 15:40:05,2291.17897397
2024-09-16 15:40:06,2291.22110585
2024-09-16 15:40:07,2291.18634722
2024-09-16 15:40:08,2291.23253657
2024-09-16 15:40:09,2291.08654149
2024-09-16 15:40:10,2291.01419965
2024-09-16 15:40:11,2291.02696216
2024-09-16 15:40:12,2290.8799572
2024-09-16 15:40:13,2291.10503145
2024-09-16 15:40:14,2291.12103166
2024-09-16 15:40:15,2291.30882589
2024-09-16 15:40:16,2291.29268957
2024-09-16 15:40:17,2291.17482704
2024-09-16 15:40:18,2291.15771179
2024-09-16 15:40:19,2291.14042669
2024-09-16 15:40:20,2291.095003
2024-09-16 15:40:21,2291.07764883
2024-09-16 15:40:22,2291.12545313
2024-09-16 15:40:23,2291.03952618
2024-09-16 15:40:24,2290.00876891
2024-09-16 15:40:25,2289.82004117
2024-09-16 15:40:26,2289.82011551
2024-09-16 15:40:27,2289.73064452
2024-09-16 15:40:28,2289.64963115
2024-09-16 15:40:29,2289.55260067
2024-09-16 15:40:30,2289.58880978
2024-09-16 15:40:31,2289.73141675
2024-09-16 15:40:32,2289.44458719
2024-09-16 15:40:33,2289.26104791
2024-09-16 15:40:34,2289.01781077
2024-09-16 15:40:35,2289.065
2024-09-16 15:40:36,2289.035
2024-09-16 15:40:37,2288.81999999
2024-09-16 15:40:38,2288.6045
2024-09-16 15:40:39,2288.58573059
2024-09-16 15:40:40,2288.4589664
2024-09-16 15:40:41,2288.313741
2024-09-16 15:40:42,2288.17217104
2024-09-16 15:40:43,2288.05546453
2024-09-16 15:40:44,2288.065
2024-09-16 15:40:45,2287.89247555
2024-09-16 15:40:46,2287.79894218
2024-09-16 15:40:47,2287.7571168
2024-09-16 15:40:48,2287.82282071
2024-09-16 15:40:49,2287.8944643
2024-09-16 15:40:50,2287.95389474
2024-09-16 15:40:51,2288.2364899
2024-09-16 15:40:52,2288.07903639
2024-09-16 15:40:53,2288.16703795
2024-09-16 15:40:54,2288.62253062
2024-09-16 15:40:55,2288.44529675
2024-09-16 15:40:56,2288.35872017
2024-09-16 15:40:57,2288.45249977
2024-09-16 15:40:58,2288.31169346
2024-09-16 15:40:59,2288.52775722
2024-09-16 15:41:00,2288.56109874
2024-09-16 15:39:00,2290.51018781
2024-09-16 15:39:00,2290.51018781
2024-09-16 15:39:01,2290.51922928
2024-09-16 15:39:01,2290.51922928
2024-09-16 15:39:02,2290.58213003
2024-09-16 15:39:02,2290.58213003
2024-09-16 15:39:03,2290.61263152
2024-09-16 15:39:03,2290.61263152
2024-09-16 15:39:04,2290.72792648
2024-09-16 15:39:04,2290.72792648
2024-09-16 15:39:05,2290.63051672
2024-09-16 15:39:05,2290.63051672
2024-09-16 15:39:06,2290.37033036
2024-09-16 15:39:06,2290.37033036
2024-09-16 15:39:07,2290.39670212
2024-09-16 15:39:07,2290.39670212
2024-09-16 15:39:08,2290.42699494
2024-09-16 15:39:09,2290.5757099
2024-09-16 15:39:10,2290.734
2024-09-16 15:39:11,2290.66178531
2024-09-16 15:39:12,2290.7745
2024-09-16 15:39:13,2290.56731634
2024-09-16 15:39:14,2290.58968863
2024-09-16 15:39:15,2290.58761176
2024-09-16 15:39:16,2290.64764763
2024-09-16 15:39:17,2290.54713083
2024-09-16 15:39:18,2290.68274858
2024-09-16 15:39:19,2290.6862556
2024-09-16 15:39:20,2290.7875025
2024-09-16 15:39:20,2290.7875025
2024-09-16 15:39:21,2290.65196216
2024-09-16 15:39:21,2290.65196216
2024-09-16 15:39:22,2290.50767513
2024-09-16 15:39:22,2290.50767513
2024-09-16 15:39:23,2290.60969947
2024-09-16 15:39:24,2290.50767513
2024-09-16 15:39:25,2291.075
2024-09-16 15:39:26,2291.085
2024-09-16 15:39:27,2290.96011175
2024-09-16 15:39:28,2291.12732632
2024-09-16 15:39:29,2291.1015415
2024-09-16 15:39:30,2291.139043
2024-09-16 15:39:31,2291.25957125
2024-09-16 15:39:32,2291.24999999
2024-09-16 15:39:33,2291.2338607
2024-09-16 15:39:34,2291.17080756
2024-09-16 15:39:35,2291.09148612
2024-09-16 15:39:36,2291.04612078
2024-09-16 15:39:37,2291.03208567
2024-09-16 15:39:38,2291.191541
2024-09-16 15:39:39,2291.2101323
2024-09-16 15:39:40,2291.21206151
2024-09-16 15:39:41,2291.23423098
2024-09-16 15:39:42,2291.21933811
2024-09-16 15:39:43,2291.17800126
2024-09-16 15:39:44,2291.27907721
2024-09-16 15:39:45,2291.39046529
2024-09-16 15:39:46,2291.43072634
2024-09-16 15:39:47,2291.32497495
2024-09-16 15:39:48,2291.4760133
2024-09-16 15:39:49,2291.08359741
2024-09-16 15:39:50,2291.12025766
2024-09-16 15:39:51,2291.20752064
2024-09-16 15:39:52,2291.11215483
2024-09-16 15:39:53,2291.11000048
2024-09-16 15:39:54,2291.225
2024-09-16 15:39:55,2291.20761849
2024-09-16 15:39:56,2291.07604373
2024-09-16 15:39:57,2291.03131045
2024-09-16 15:39:58,2290.92202357
2024-09-16 15:39:59,2290.98189033
2024-09-16 15:40:00,2291.18008826
2024-09-16 15:38:00,2291.10902464
2024-09-16 15:38:01,2291.03407393
2024-09-16 15:38:02,2290.60017139
2024-09-16 15:38:03,2290.66081543
2024-09-16 15:38:04,2290.84222912
2024-09-16 15:38:05,2290.9999008
2024-09-16 15:38:06,2291.00009885
2024-09-16 15:38:07,2290.95471192
2024-09-16 15:38:08,2291.01794344
2024-09-16 15:38:09,2291.0640205
2024-09-16 15:38:10,2290.84303236
2024-09-16 15:38:11,2290.75057576
2024-09-16 15:38:12,2290.64130617
2024-09-16 15:38:13,2290.77923435
2024-09-16 15:38:14,2290.905003
2024-09-16 15:38:15,2290.83797417
2024-09-16 15:38:16,2290.71997631
2024-09-16 15:38:17,2290.64978684
2024-09-16 15:38:18,2290.83383139
2024-09-16 15:38:19,2290.76750872
2024-09-16 15:38:20,2290.77796228
2024-09-16 15:38:21,2290.77794533
2024-09-16 15:38:22,2290.5054911
2024-09-16 15:38:23,2290.61300994
2024-09-16 15:38:24,2290.51534312
2024-09-16 15:38:25,2290.68500099
2024-09-16 15:38:26,2290.6600295
2024-09-16 15:38:27,2290.67749541
2024-09-16 15:38:28,2290.66824024
2024-09-16 15:38:29,2290.55345231
2024-09-16 15:38:30,2290.69166761
2024-09-16 15:38:31,2290.60861906
2024-09-16 15:38:32,2290.6220725
2024-09-16 15:38:33,2290.59075273
2024-09-16 15:38:34,2290.9475005
2024-09-16 15:38:35,2290.9457995
2024-09-16 15:38:36,2290.8825005
2024-09-16 15:38:37,2290.77312831
2024-09-16 15:38:38,2290.72087579
2024-09-16 15:38:39,2290.74154337
2024-09-16 15:38:40,2290.72799535
2024-09-16 15:37:00,2290.03000206
2024-09-16 15:37:01,2290.03999917
2024-09-16 15:37:02,2290.01354444
2024-09-16 15:37:03,2289.98784148
2024-09-16 15:37:04,2289.8975005
2024-09-16 15:37:05,2290.01691132
2024-09-16 15:37:06,2289.86668614
2024-09-16 15:37:07,2289.87717241
2024-09-16 15:37:08,2289.8638307
2024-09-16 15:37:09,2289.88527685
2024-09-16 15:37:10,2289.88187661
2024-09-16 15:37:11,2289.80430405
2024-09-16 15:37:12,2289.81597474
2024-09-16 15:37:13,2289.89252545
2024-09-16 15:37:14,2289.88628801
2024-09-16 15:37:15,2289.79536761
2024-09-16 15:37:16,2289.73411641
2024-09-16 15:37:17,2289.78516814
2024-09-16 15:37:18,2289.6715619
2024-09-16 15:37:19,2289.75578857
2024-09-16 15:37:20,2289.8595211
2024-09-16 15:37:21,2289.81113401
2024-09-16 15:37:22,2289.76413996
2024-09-16 15:37:23,2289.85101743
2024-09-16 15:37:24,2289.75093378
2024-09-16 15:37:25,2289.79971119
2024-09-16 15:37:26,2289.79400788
2024-09-16 15:37:27,2290.08138362
2024-09-16 15:37:28,2290.13798492
2024-09-16 15:37:29,2290.415
2024-09-16 15:37:30,2290.47700072
2024-09-16 15:37:31,2290.48450157
2024-09-16 15:37:32,2290.53264191
2024-09-16 15:37:33,2290.52491642
2024-09-16 15:37:34,2290.49493777
2024-09-16 15:37:35,2290.5925005
2024-09-16 15:37:36,2290.885
2024-09-16 15:37:37,2290.9
2024-09-16 15:37:38,2290.99782175
2024-09-16 15:37:39,2290.82101187
2024-09-16 15:37:40,2290.51752737
2024-09-16 15:37:41,2290.6028891
2024-09-16 15:37:42,2290.82701427
2024-09-16 15:37:43,2290.90913856
2024-09-16 15:37:44,2290.92069195
2024-09-16 15:37:45,2291.0409435
2024-09-16 15:37:46,2291.104037
2024-09-16 15:37:47,2291.1509959
2024-09-16 15:37:48,2291.06023194
2024-09-16 15:37:49,2291.1115375
2024-09-16 15:37:50,2291.235
2024-09-16 15:37:51,2291.1218256
2024-09-16 15:37:52,2291.26125168
2024-09-16 15:37:53,2291.09043843
2024-09-16 15:37:54,2291.09700048
2024-09-16 15:37:55,2291.19898955
2024-09-16 15:37:56,2291.23026636
2024-09-16 15:37:57,2291.1265405
2024-09-16 15:37:58,2291.09700046
2024-09-16 15:37:59,2291.1015405
2024-09-16 15:38:00,2291.10902464
2024-09-16 15:36:00,2291.295
2024-09-16 15:36:01,2291.15756007
2024-09-16 15:36:02,2291.05652442
2024-09-16 15:36:03,2290.9996112
2024-09-16 15:36:04,2291.00647234
2024-09-16 15:36:05,2290.99603743
2024-09-16 15:36:06,2290.96783712
2024-09-16 15:36:07,2290.78803986
2024-09-16 15:36:08,2290.77650987
2024-09-16 15:36:09,2290.92218266
2024-09-16 15:36:10,2290.99471175
2024-09-16 15:36:11,2290.99737817
2024-09-16 15:36:12,2291.12525469
2024-09-16 15:36:12,2291.12525469
2024-09-16 15:36:13,2290.98743795
2024-09-16 15:36:14,2291.02481682
2024-09-16 15:36:15,2291.00332349
2024-09-16 15:36:16,2291.135
2024-09-16 15:36:17,2291.06819935
2024-09-16 15:36:18,2291.00387429
2024-09-16 15:36:19,2291.0965375
2024-09-16 15:36:20,2291.085003
2024-09-16 15:36:21,2290.92345439
2024-09-16 15:36:21,2290.92345439
2024-09-16 15:36:22,2291.0315363
2024-09-16 15:36:23,2291.00728
2024-09-16 15:36:24,2291.02245998
2024-09-16 15:36:25,2291.03659825
2024-09-16 15:36:26,2290.9568031
2024-09-16 15:36:27,2290.93674072
2024-09-16 15:36:28,2290.819978
2024-09-16 15:36:29,2290.71369108
2024-09-16 15:36:30,2290.71369108
2024-09-16 15:36:31,2290.66882318
2024-09-16 15:36:32,2290.38621689
2024-09-16 15:36:33,2290.74921775
2024-09-16 15:36:34,2290.70563448
2024-09-16 15:36:35,2290.70821575
2024-09-16 15:36:36,2290.73841248
2024-09-16 15:36:37,2290.6114109
2024-09-16 15:36:38,2290.70399749
2024-09-16 15:36:39,2290.66587315
2024-09-16 15:36:40,2290.73555305
2024-09-16 15:35:00,2295.74278682
2024-09-16 15:35:01,2295.92034032
2024-09-16 15:35:02,2295.73757373
2024-09-16 15:35:03,2295.70846467
2024-09-16 15:35:04,2295.69698598
2024-09-16 15:35:05,2295.75369097
2024-09-16 15:35:06,2295.81088396
2024-09-16 15:35:07,2295.71605322
2024-09-16 15:35:08,2295.60371305
2024-09-16 15:35:09,2295.81233965
2024-09-16 15:35:10,2295.65932696
2024-09-16 15:35:11,2295.41866104
2024-09-16 15:35:12,2295.03889573
2024-09-16 15:35:13,2294.73670187
2024-09-16 15:35:14,2294.49485841
2024-09-16 15:35:15,2294.54626823
2024-09-16 15:35:16,2294.53249311
2024-09-16 15:35:17,2294.34619394
2024-09-16 15:35:18,2294.15814218
2024-09-16 15:35:19,2294.00785575
2024-09-16 15:35:20,2294.13499188
2024-09-16 15:35:21,2294.13355686
2024-09-16 15:35:22,2294.24704937
2024-09-16 15:35:23,2294.16783625
2024-09-16 15:35:24,2294.20288946
2024-09-16 15:35:25,2294.221841
2024-09-16 15:35:26,2293.93941222
2024-09-16 15:35:27,2293.87451448
2024-09-16 15:35:28,2294.00032839
2024-09-16 15:35:29,2294.00325048
2024-09-16 15:35:30,2293.8849065
2024-09-16 15:35:31,2293.73193606
2024-09-16 15:35:32,2293.5769414
2024-09-16 15:35:33,2293.31253549
2024-09-16 15:35:34,2293.19422749
2024-09-16 15:35:35,2293.15999999
2024-09-16 15:35:36,2292.98544864
2024-09-16 15:35:37,2292.85111149
2024-09-16 15:35:38,2292.81561149
2024-09-16 15:35:39,2292.65853368
2024-09-16 15:35:40,2292.56415283
2024-09-16 15:35:41,2292.53957602
2024-09-16 15:35:42,2292.30441954
2024-09-16 15:35:43,2292.29612998
2024-09-16 15:35:44,2292.25986999
2024-09-16 15:35:45,2292.2970045
2024-09-16 15:35:46,2292.3859115
2024-09-16 15:35:47,2291.87778256
2024-09-16 15:35:48,2291.95287962
2024-09-16 15:35:49,2291.99173085
2024-09-16 15:35:50,2291.83501241
2024-09-16 15:35:51,2291.83500503
2024-09-16 15:35:52,2291.80991441
2024-09-16 15:35:53,2291.96151747
2024-09-16 15:35:54,2291.81352149
2024-09-16 15:35:55,2291.63962323
2024-09-16 15:35:56,2291.69202333
2024-09-16 15:35:57,2291.67813488
2024-09-16 15:35:58,2291.64005198
2024-09-16 15:35:59,2291.53465604
2024-09-16 15:36:00,2291.295
2024-09-16 15:34:00,2296.32294742
2024-09-16 15:34:01,2296.44718964
2024-09-16 15:34:02,2296.64466364
2024-09-16 15:34:03,2296.29155874
2024-09-16 15:34:04,2296.49964095
2024-09-16 15:34:05,2296.32573554
2024-09-16 15:34:06,2296.46194608
2024-09-16 15:34:07,2296.43510286
2024-09-16 15:34:08,2296.53201395
2024-09-16 15:34:09,2296.41801853
2024-09-16 15:34:10,2296.37503757
2024-09-16 15:34:11,2296.19611649
2024-09-16 15:34:12,2296.13183007
2024-09-16 15:34:13,2296.08718139
2024-09-16 15:34:14,2296.18701586
2024-09-16 15:34:15,2296.3470961
2024-09-16 15:34:16,2296.26766178
2024-09-16 15:34:17,2296.27770513
2024-09-16 15:34:18,2296.26330576
2024-09-16 15:34:19,2296.25650155
2024-09-16 15:34:20,2296.21548156
2024-09-16 15:34:21,2296.0405
2024-09-16 15:34:22,2296.035
2024-09-16 15:34:23,2295.62167064
2024-09-16 15:34:24,2295.431968
2024-09-16 15:34:25,2295.49029136
2024-09-16 15:34:26,2295.17178878
2024-09-16 15:34:27,2295.05238389
2024-09-16 15:34:28,2295.11502388
2024-09-16 15:34:29,2295.50277295
2024-09-16 15:34:30,2295.4263978
2024-09-16 15:34:31,2295.40437328
2024-09-16 15:34:32,2295.46360909
2024-09-16 15:34:33,2295.39513658
2024-09-16 15:34:34,2295.35116074
2024-09-16 15:34:35,2295.42678614
2024-09-16 15:34:36,2295.50455268
2024-09-16 15:34:37,2295.50380466
2024-09-16 15:34:38,2295.63921114
2024-09-16 15:34:39,2295.69227911
2024-09-16 15:34:40,2295.50323558
2024-09-16 15:34:41,2295.55124957
2024-09-16 15:34:42,2295.56665072
2024-09-16 15:34:43,2295.56665072
2024-09-16 15:34:44,2295.4443286
2024-09-16 15:34:45,2295.41839515
2024-09-16 15:34:46,2295.47102341
2024-09-16 15:34:47,2295.21567647
2024-09-16 15:34:48,2295.18099919
2024-09-16 15:34:49,2295.13942262
2024-09-16 15:34:50,2295.13942262
2024-09-16 15:34:51,2295.3282201
2024-09-16 15:34:52,2295.54399986
2024-09-16 15:34:53,2295.805
2024-09-16 15:34:54,2295.69712018
2024-09-16 15:34:55,2295.75294308
2024-09-16 15:34:56,2295.56750751
2024-09-16 15:34:57,2295.61198725
2024-09-16 15:34:58,2295.64925941
2024-09-16 15:34:59,2295.86472098
2024-09-16 15:35:00,2295.74278682
2024-09-16 15:33:00,2295.85194753
2024-09-16 15:33:00,2295.85194753
2024-09-16 15:33:01,2295.86426848
2024-09-16 15:33:01,2295.86426848
2024-09-16 15:33:02,2295.84045203
2024-09-16 15:33:02,2295.84045203
2024-09-16 15:33:03,2295.88476848
2024-09-16 15:33:03,2295.88476848
2024-09-16 15:33:04,2295.88476848
2024-09-16 15:33:04,2295.88476848
2024-09-16 15:33:05,2295.84696128
2024-09-16 15:33:05,2295.84696128
2024-09-16 15:33:06,2296.19644583
2024-09-16 15:33:06,2296.19644583
2024-09-16 15:33:07,2296.05617848
2024-09-16 15:33:07,2296.05617848
2024-09-16 15:33:08,2295.99859876
2024-09-16 15:33:08,2295.99859876
2024-09-16 15:33:09,2296.1091859
2024-09-16 15:33:09,2296.1091859
2024-09-16 15:33:10,2296.07863355
2024-09-16 15:33:10,2296.07863355
2024-09-16 15:33:11,2296.11163571
2024-09-16 15:33:11,2296.11163571
2024-09-16 15:33:12,2296.10126474
2024-09-16 15:33:12,2296.10126474
2024-09-16 15:33:13,2296.00543687
2024-09-16 15:33:13,2296.00543687
2024-09-16 15:33:14,2296.01693702
2024-09-16 15:33:14,2296.01693702
2024-09-16 15:33:15,2296.09981338
2024-09-16 15:33:15,2296.09981338
2024-09-16 15:33:16,2296.15613977
2024-09-16 15:33:16,2296.15613977
2024-09-16 15:33:17,2296.185
2024-09-16 15:33:17,2296.185
2024-09-16 15:33:18,2296.20228293
2024-09-16 15:33:18,2296.20228293
2024-09-16 15:33:19,2296.27787692
2024-09-16 15:33:19,2296.27787692
2024-09-16 15:33:20,2296.32588238
2024-09-16 15:33:20,2296.32588238
2024-09-16 15:33:21,2296.38163756
2024-09-16 15:33:21,2296.38163756
2024-09-16 15:33:22,2296.37360036
2024-09-16 15:33:22,2296.37360036
2024-09-16 15:33:23,2296.23700818
2024-09-16 15:33:23,2296.23700818
2024-09-16 15:33:24,2296.19573231
2024-09-16 15:33:24,2296.19573231
2024-09-16 15:33:25,2296.16234749
2024-09-16 15:33:25,2296.16234749
2024-09-16 15:33:26,2296.40598058
2024-09-16 15:33:26,2296.40598058
2024-09-16 15:33:27,2296.38249536
2024-09-16 15:33:27,2296.38249536
2024-09-16 15:33:28,2296.5875005
2024-09-16 15:33:28,2296.5875005
2024-09-16 15:33:29,2296.56499999
2024-09-16 15:33:29,2296.56499999
2024-09-16 15:33:30,2296.65443696
2024-09-16 15:33:30,2296.65443696
2024-09-16 15:33:31,2296.69894117
2024-09-16 15:33:32,2296.70148773
2024-09-16 15:33:33,2296.41679276
2024-09-16 15:33:34,2296.649102
2024-09-16 15:33:35,2296.705
2024-09-16 15:33:36,2296.64696203
2024-09-16 15:33:37,2296.72145021
2024-09-16 15:33:38,2296.7609592
2024-09-16 15:33:39,2296.66188658
2024-09-16 15:33:40,2296.66688658
2024-09-16 15:33:41,2296.57571129
2024-09-16 15:33:42,2296.5597861
2024-09-16 15:33:43,2296.55671469
2024-09-16 15:33:44,2296.4744649
2024-09-16 15:33:45,2296.56518289
2024-09-16 15:33:46,2296.71790013
2024-09-16 15:33:47,2296.657084
2024-09-16 15:33:48,2296.55508498
2024-09-16 15:33:49,2296.59513659
2024-09-16 15:33:50,2296.43422422
2024-09-16 15:33:51,2296.48041247
2024-09-16 15:33:52,2296.5218247
2024-09-16 15:33:53,2296.57926098
2024-09-16 15:33:54,2296.51196493
2024-09-16 15:33:55,2296.55014013
2024-09-16 15:33:56,2296.54162249
2024-09-16 15:33:57,2296.44259646
2024-09-16 15:33:58,2296.50605505
2024-09-16 15:33:59,2296.44406292
2024-09-16 15:34:00,2296.32294742
2024-09-16 15:32:00,2295.6617557
2024-09-16 15:32:00,2295.6617557
2024-09-16 15:32:01,2295.56924967
2024-09-16 15:32:01,2295.56924967
2024-09-16 15:32:02,2295.55750049
2024-09-16 15:32:02,2295.55750049
2024-09-16 15:32:03,2295.65002922
2024-09-16 15:32:03,2295.65002922
2024-09-16 15:32:04,2295.51692425
2024-09-16 15:32:04,2295.51692425
2024-09-16 15:32:05,2295.56620006
2024-09-16 15:32:05,2295.56620006
2024-09-16 15:32:06,2295.47528699
2024-09-16 15:32:06,2295.47528699
2024-09-16 15:32:07,2295.44228359
2024-09-16 15:32:07,2295.44228359
2024-09-16 15:32:08,2295.6275002
2024-09-16 15:32:08,2295.6275002
2024-09-16 15:32:09,2295.6577989
2024-09-16 15:32:09,2295.6577989
2024-09-16 15:32:10,2295.56117261
2024-09-16 15:32:10,2295.56117261
2024-09-16 15:32:11,2295.62408086
2024-09-16 15:32:11,2295.62408086
2024-09-16 15:32:12,2295.50681607
2024-09-16 15:32:12,2295.50681607
2024-09-16 15:32:13,2295.39254155
2024-09-16 15:32:13,2295.39254155
2024-09-16 15:32:14,2295.40058235
2024-09-16 15:32:14,2295.40058235
2024-09-16 15:32:15,2295.37806718
2024-09-16 15:32:15,2295.37806718
2024-09-16 15:32:16,2295.32215934
2024-09-16 15:32:16,2295.32215934
2024-09-16 15:32:17,2295.2302999
2024-09-16 15:32:17,2295.2302999
2024-09-16 15:32:18,2295.20961714
2024-09-16 15:32:18,2295.20961714
2024-09-16 15:32:19,2295.025006
2024-09-16 15:32:19,2295.025006
2024-09-16 15:32:20,2294.74091082
2024-09-16 15:32:20,2294.74091082
2024-09-16 15:32:21,2294.9375
2024-09-16 15:32:21,2294.9375
2024-09-16 15:32:22,2295.16537216
2024-09-16 15:32:22,2295.16537216
2024-09-16 15:32:23,2294.94857562
2024-09-16 15:32:23,2294.94857562
2024-09-16 15:32:24,2294.92750049
2024-09-16 15:32:24,2294.92750049
2024-09-16 15:32:25,2295.10998462
2024-09-16 15:32:25,2295.10998462
2024-09-16 15:32:26,2295.24697553
2024-09-16 15:32:26,2295.24697553
2024-09-16 15:32:27,2295.3979086
2024-09-16 15:32:27,2295.3979086
2024-09-16 15:32:28,2295.13493845
2024-09-16 15:32:28,2295.13493845
2024-09-16 15:32:29,2295.02313717
2024-09-16 15:32:29,2295.02313717
2024-09-16 15:32:30,2294.95253758
2024-09-16 15:32:30,2294.95253758
2024-09-16 15:32:31,2295.02500299
2024-09-16 15:32:31,2295.02500299
2024-09-16 15:32:32,2295.18536178
2024-09-16 15:32:32,2295.18536178
2024-09-16 15:32:33,2295.12053462
2024-09-16 15:32:33,2295.12053462
2024-09-16 15:32:34,2295.07714615
2024-09-16 15:32:34,2295.07714615
2024-09-16 15:32:35,2295.19689633
2024-09-16 15:32:35,2295.19689633
2024-09-16 15:32:36,2295.2001655
2024-09-16 15:32:36,2295.2001655
2024-09-16 15:32:37,2295.46642831
2024-09-16 15:32:37,2295.46642831
2024-09-16 15:32:38,2295.45304831
2024-09-16 15:32:38,2295.45304831
2024-09-16 15:32:39,2295.45304831
2024-09-16 15:32:39,2295.45304831
2024-09-16 15:32:40,2295.41152578
2024-09-16 15:32:40,2295.41152578
2024-09-16 15:32:41,2295.52915061
2024-09-16 15:32:41,2295.52915061
2024-09-16 15:32:42,2295.49531736
2024-09-16 15:32:42,2295.49531736
2024-09-16 15:32:43,2295.53188693
2024-09-16 15:32:43,2295.53188693
2024-09-16 15:32:43,2295.53188693
2024-09-16 15:32:44,2295.62887499
2024-09-16 15:32:44,2295.62887499
2024-09-16 15:32:45,2295.51144225
2024-09-16 15:32:45,2295.51144225
2024-09-16 15:32:46,2295.65410067
2024-09-16 15:32:46,2295.65410067
2024-09-16 15:32:47,2295.9075005
2024-09-16 15:32:47,2295.9075005
2024-09-16 15:32:48,2296.20008319
2024-09-16 15:32:48,2296.20008319
2024-09-16 15:32:49,2296.33327036
2024-09-16 15:32:49,2296.33327036
2024-09-16 15:32:50,2296.49671001
2024-09-16 15:32:50,2296.49671001
2024-09-16 15:32:51,2296.41004887
2024-09-16 15:32:51,2296.41004887
2024-09-16 15:32:52,2296.64148358
2024-09-16 15:32:52,2296.64148358
2024-09-16 15:32:53,2296.46646812
2024-09-16 15:32:53,2296.46646812
2024-09-16 15:32:53,2296.46646812
2024-09-16 15:32:54,2296.59082556
2024-09-16 15:32:54,2296.59082556
2024-09-16 15:32:55,2296.54194805
2024-09-16 15:32:55,2296.54194805
2024-09-16 15:32:56,2296.17551423
2024-09-16 15:32:56,2296.17551423
2024-09-16 15:32:57,2296.045
2024-09-16 15:32:57,2296.045
2024-09-16 15:32:58,2295.9150052
2024-09-16 15:32:58,2295.9150052
2024-09-16 15:32:59,2295.8645
2024-09-16 15:32:59,2295.8645
2024-09-16 15:33:00,2295.85194753
2024-09-16 15:33:00,2295.85194753
2024-09-16 15:31:00,2293.73171924
2024-09-16 15:31:00,2293.73171924
2024-09-16 15:31:01,2293.74354703
2024-09-16 15:31:01,2293.74354703
2024-09-16 15:31:02,2293.72817318
2024-09-16 15:31:02,2293.72817318
2024-09-16 15:31:03,2293.718353
2024-09-16 15:31:03,2293.718353
2024-09-16 15:31:04,2293.78505435
2024-09-16 15:31:04,2293.78505435
2024-09-16 15:31:05,2293.72662637
2024-09-16 15:31:05,2293.72662637
2024-09-16 15:31:06,2293.72662637
2024-09-16 15:31:06,2293.72662637
2024-09-16 15:31:07,2293.75016113
2024-09-16 15:31:07,2293.75016113
2024-09-16 15:31:08,2293.78508707
2024-09-16 15:31:08,2293.78508707
2024-09-16 15:31:09,2293.79350879
2024-09-16 15:31:09,2293.79350879
2024-09-16 15:31:10,2293.78607301
2024-09-16 15:31:10,2293.78607301
2024-09-16 15:31:11,2293.81890334
2024-09-16 15:31:11,2293.81890334
2024-09-16 15:31:12,2293.86195154
2024-09-16 15:31:12,2293.86195154
2024-09-16 15:31:13,2293.86195155
2024-09-16 15:31:13,2293.86195155
2024-09-16 15:31:14,2294.34510161
2024-09-16 15:31:14,2294.34510161
2024-09-16 15:31:15,2294.54731611
2024-09-16 15:31:15,2294.54731611
2024-09-16 15:31:16,2294.73939797
2024-09-16 15:31:16,2294.73939797
2024-09-16 15:31:17,2294.58509036
2024-09-16 15:31:17,2294.58509036
2024-09-16 15:31:18,2294.4866988
2024-09-16 15:31:18,2294.4866988
2024-09-16 15:31:19,2294.514382
2024-09-16 15:31:19,2294.514382
2024-09-16 15:31:20,2295.04074764
2024-09-16 15:31:20,2295.04074764
2024-09-16 15:31:21,2295.12824075
2024-09-16 15:31:21,2295.12824075
2024-09-16 15:31:22,2295.01484167
2024-09-16 15:31:22,2295.01484167
2024-09-16 15:31:23,2294.9025025
2024-09-16 15:31:23,2294.9025025
2024-09-16 15:31:24,2294.8152245
2024-09-16 15:31:24,2294.8152245
2024-09-16 15:31:25,2294.73183096
2024-09-16 15:31:25,2294.73183096
2024-09-16 15:31:26,2294.7883415
2024-09-16 15:31:26,2294.7883415
2024-09-16 15:31:27,2295.40960241
2024-09-16 15:31:27,2295.40960241
2024-09-16 15:31:28,2295.40960241
2024-09-16 15:31:28,2295.40960241
2024-09-16 15:31:29,2295.39447186
2024-09-16 15:31:29,2295.39447186
2024-09-16 15:31:30,2295.25967059
2024-09-16 15:31:30,2295.25967059
2024-09-16 15:31:31,2295.26192338
2024-09-16 15:31:31,2295.26192338
2024-09-16 15:31:32,2295.38942067
2024-09-16 15:31:32,2295.38942067
2024-09-16 15:31:33,2295.38942067
2024-09-16 15:31:33,2295.38942067
2024-09-16 15:31:34,2295.445
2024-09-16 15:31:34,2295.445
2024-09-16 15:31:35,2295.435
2024-09-16 15:31:35,2295.435
2024-09-16 15:31:36,2295.52993305
2024-09-16 15:31:36,2295.52993305
2024-09-16 15:31:37,2295.33885828
2024-09-16 15:31:37,2295.33885828
2024-09-16 15:31:38,2295.43344881
2024-09-16 15:31:38,2295.43344881
2024-09-16 15:31:39,2295.439473
2024-09-16 15:31:39,2295.439473
2024-09-16 15:31:40,2295.46031462
2024-09-16 15:31:40,2295.46031462
2024-09-16 15:31:41,2295.455
2024-09-16 15:31:41,2295.455
2024-09-16 15:31:42,2295.62107038
2024-09-16 15:31:42,2295.62107038
2024-09-16 15:31:43,2295.64521046
2024-09-16 15:31:43,2295.64521046
2024-09-16 15:31:44,2295.67162375
2024-09-16 15:31:44,2295.67162375
2024-09-16 15:31:45,2295.775
2024-09-16 15:31:45,2295.775
2024-09-16 15:31:46,2295.5977596
2024-09-16 15:31:46,2295.5977596
2024-09-16 15:31:47,2295.64291401
2024-09-16 15:31:47,2295.64291401
2024-09-16 15:31:48,2295.7535737
2024-09-16 15:31:48,2295.7535737
2024-09-16 15:31:49,2295.71188024
2024-09-16 15:31:49,2295.71188024
2024-09-16 15:31:50,2295.70188024
2024-09-16 15:31:50,2295.70188024
2024-09-16 15:31:51,2295.64822005
2024-09-16 15:31:51,2295.64822005
2024-09-16 15:31:52,2295.71632077
2024-09-16 15:31:52,2295.71632077
2024-09-16 15:31:53,2295.66908144
2024-09-16 15:31:53,2295.66908144
2024-09-16 15:31:54,2295.58660257
2024-09-16 15:31:54,2295.58660257
2024-09-16 15:31:55,2295.584477
2024-09-16 15:31:55,2295.584477
2024-09-16 15:31:56,2295.65450983
2024-09-16 15:31:56,2295.65450983
2024-09-16 15:31:57,2295.55758039
2024-09-16 15:31:57,2295.55758039
2024-09-16 15:31:58,2295.60279228
2024-09-16 15:31:58,2295.60279228
2024-09-16 15:31:59,2295.6470967
2024-09-16 15:31:59,2295.6470967
2024-09-16 15:32:00,2295.6617557
2024-09-16 15:32:00,2295.6617557
2024-09-16 15:30:00,2292.96666597
2024-09-16 15:30:01,2292.92173328
2024-09-16 15:30:01,2292.92173328
2024-09-16 15:30:02,2293.0976271
2024-09-16 15:30:02,2293.0976271
2024-09-16 15:30:03,2293.23836348
2024-09-16 15:30:03,2293.23836348
2024-09-16 15:30:04,2293.54
2024-09-16 15:30:04,2293.54
2024-09-16 15:30:05,2293.58538744
2024-09-16 15:30:05,2293.58538744
2024-09-16 15:30:06,2293.655
2024-09-16 15:30:06,2293.655
2024-09-16 15:30:07,2293.62
2024-09-16 15:30:07,2293.62
2024-09-16 15:30:08,2293.57896003
2024-09-16 15:30:08,2293.57896003
2024-09-16 15:30:09,2293.87617515
2024-09-16 15:30:09,2293.87617515
2024-09-16 15:30:10,2294.17280354
2024-09-16 15:30:10,2294.17280354
2024-09-16 15:30:11,2294.225
2024-09-16 15:30:11,2294.225
2024-09-16 15:30:12,2294.11469512
2024-09-16 15:30:12,2294.11469512
2024-09-16 15:30:13,2294.13407771
2024-09-16 15:30:13,2294.13407771
2024-09-16 15:30:14,2294.39700303
2024-09-16 15:30:14,2294.39700303
2024-09-16 15:30:15,2294.21613741
2024-09-16 15:30:15,2294.21613741
2024-09-16 15:30:16,2294.35485461
2024-09-16 15:30:16,2294.35485461
2024-09-16 15:30:17,2294.18607055
2024-09-16 15:30:17,2294.18607055
2024-09-16 15:30:18,2294.32847968
2024-09-16 15:30:18,2294.32847968
2024-09-16 15:30:19,2294.73006071
2024-09-16 15:30:19,2294.73006071
2024-09-16 15:30:20,2294.79243234
2024-09-16 15:30:20,2294.79243234
2024-09-16 15:30:21,2294.75480707
2024-09-16 15:30:21,2294.75480707
2024-09-16 15:30:22,2294.74958997
2024-09-16 15:30:22,2294.74958997
2024-09-16 15:30:23,2294.845
2024-09-16 15:30:23,2294.845
2024-09-16 15:30:24,2295.00166196
2024-09-16 15:30:24,2295.00166196
2024-09-16 15:30:25,2295.2575025
2024-09-16 15:30:25,2295.2575025
2024-09-16 15:30:26,2295.15750049
2024-09-16 15:30:26,2295.15750049
2024-09-16 15:30:27,2295.43265362
2024-09-16 15:30:27,2295.43265362
2024-09-16 15:30:28,2295.31271427
2024-09-16 15:30:28,2295.31271427
2024-09-16 15:30:29,2295.2767659
2024-09-16 15:30:29,2295.2767659
2024-09-16 15:30:30,2295.13995652
2024-09-16 15:30:30,2295.13995652
2024-09-16 15:30:31,2294.69259529
2024-09-16 15:30:31,2294.69259529
2024-09-16 15:30:32,2294.44255864
2024-09-16 15:30:32,2294.44255864
2024-09-16 15:30:33,2294.02536931
2024-09-16 15:30:33,2294.02536931
2024-09-16 15:30:34,2294.1
2024-09-16 15:30:34,2294.1
2024-09-16 15:30:35,2294.08093671
2024-09-16 15:30:35,2294.08093671
2024-09-16 15:30:36,2294.0150025
2024-09-16 15:30:36,2294.0150025
2024-09-16 15:30:37,2293.86379669
2024-09-16 15:30:37,2293.86379669
2024-09-16 15:30:38,2293.79442441
2024-09-16 15:30:38,2293.79442441
2024-09-16 15:30:39,2293.525
2024-09-16 15:30:39,2293.525
2024-09-16 15:30:40,2293.1270025
2024-09-16 15:30:40,2293.1270025
2024-09-16 15:30:41,2293.11190811
2024-09-16 15:30:41,2293.11190811
2024-09-16 15:30:42,2293.04421099
2024-09-16 15:30:42,2293.04421099
2024-09-16 15:30:43,2293.11285912
2024-09-16 15:30:43,2293.11285912
2024-09-16 15:30:44,2293.06900181
2024-09-16 15:30:44,2293.06900181
2024-09-16 15:30:45,2293.2875025
2024-09-16 15:30:45,2293.2875025
2024-09-16 15:30:46,2293.20265709
2024-09-16 15:30:46,2293.20265709
2024-09-16 15:30:47,2293.19363769
2024-09-16 15:30:47,2293.19363769
2024-09-16 15:30:48,2293.52682392
2024-09-16 15:30:48,2293.52682392
2024-09-16 15:30:49,2293.63468799
2024-09-16 15:30:49,2293.63468799
2024-09-16 15:30:50,2293.92
2024-09-16 15:30:50,2293.92
2024-09-16 15:30:51,2293.91041569
2024-09-16 15:30:51,2293.91041569
2024-09-16 15:30:52,2293.94534869
2024-09-16 15:30:52,2293.94534869
2024-09-16 15:30:53,2294.00886737
2024-09-16 15:30:53,2294.00886737
2024-09-16 15:30:54,2293.84236037
2024-09-16 15:30:54,2293.84236037
2024-09-16 15:30:55,2293.8400682
2024-09-16 15:30:55,2293.8400682
2024-09-16 15:30:56,2293.90475292
2024-09-16 15:30:56,2293.90475292
2024-09-16 15:30:57,2293.7884697
2024-09-16 15:30:57,2293.7884697
2024-09-16 15:30:58,2293.81389116
2024-09-16 15:30:58,2293.81389116
2024-09-16 15:30:59,2293.87489146
2024-09-16 15:30:59,2293.87489146
2024-09-16 15:31:00,2293.73171924
2024-09-16 15:31:00,2293.73171924
2024-09-16 15:29:00,2293.21000299
2024-09-16 15:29:01,2293.34496333
2024-09-16 15:29:02,2293.47678566
2024-09-16 15:29:03,2293.4716485
2024-09-16 15:29:04,2293.28645035
2024-09-16 15:29:05,2293.14186721
2024-09-16 15:29:06,2292.98170354
2024-09-16 15:29:07,2292.899217
2024-09-16 15:29:08,2292.889216
2024-09-16 15:29:09,2292.96431493
2024-09-16 15:29:10,2292.9028005
2024-09-16 15:29:11,2293.08464902
2024-09-16 15:29:12,2293.40750049
2024-09-16 15:29:13,2293.40250049
2024-09-16 15:29:14,2293.40605094
2024-09-16 15:29:15,2293.30952126
2024-09-16 15:29:16,2293.3342475
2024-09-16 15:29:17,2293.34366608
2024-09-16 15:29:18,2293.22389462
2024-09-16 15:29:19,2293.23999021
2024-09-16 15:29:20,2293.41250031
2024-09-16 15:29:21,2293.23028007
2024-09-16 15:29:22,2293.22310722
2024-09-16 15:29:23,2293.25441637
2024-09-16 15:29:24,2293.5425005
2024-09-16 15:29:25,2293.50749998
2024-09-16 15:29:26,2293.26636424
2024-09-16 15:29:27,2293.3575005
2024-09-16 15:29:28,2293.38948833
2024-09-16 15:29:29,2293.18070684
2024-09-16 15:29:30,2293.11300962
2024-09-16 15:29:31,2292.98890708
2024-09-16 15:29:32,2292.89554866
2024-09-16 15:29:33,2292.78452906
2024-09-16 15:29:34,2292.71553597
2024-09-16 15:29:35,2292.8348264
2024-09-16 15:29:36,2292.83142169
2024-09-16 15:29:37,2292.83509887
2024-09-16 15:29:38,2292.71203669
2024-09-16 15:29:39,2292.67037859
2024-09-16 15:29:40,2292.61204784
2024-09-16 15:29:41,2292.80628321
2024-09-16 15:29:42,2292.71593521
2024-09-16 15:29:43,2292.63750048
2024-09-16 15:29:44,2292.63720413
2024-09-16 15:29:45,2292.64917367
2024-09-16 15:29:46,2292.63919897
2024-09-16 15:29:47,2292.60882447
2024-09-16 15:29:48,2292.64451098
2024-09-16 15:29:49,2292.77221951
2024-09-16 15:29:50,2292.63371336
2024-09-16 15:29:51,2292.60985519
2024-09-16 15:29:52,2292.69750049
2024-09-16 15:29:53,2292.8925005
2024-09-16 15:29:54,2292.90883347
2024-09-16 15:29:55,2292.91828707
2024-09-16 15:29:56,2292.81459207
2024-09-16 15:29:57,2292.87455769
2024-09-16 15:29:58,2292.92299045
2024-09-16 15:29:59,2293.01349272
2024-09-16 15:30:00,2292.96666597
2024-09-16 15:28:00,2292.71296277
2024-09-16 15:28:01,2292.77691258
2024-09-16 15:28:02,2292.72904606
2024-09-16 15:28:03,2292.46848966
2024-09-16 15:28:04,2292.45589977
2024-09-16 15:28:05,2292.40477932
2024-09-16 15:28:06,2292.39298377
2024-09-16 15:28:07,2292.43267762
2024-09-16 15:28:08,2292.45945931
2024-09-16 15:28:09,2292.55850526
2024-09-16 15:28:10,2292.66996591
2024-09-16 15:28:11,2292.68712268
2024-09-16 15:28:12,2292.61510359
2024-09-16 15:28:13,2292.53754905
2024-09-16 15:28:14,2292.508355
2024-09-16 15:28:15,2292.61
2024-09-16 15:28:16,2292.62290587
2024-09-16 15:28:17,2292.56871729
2024-09-16 15:28:18,2292.584185
2024-09-16 15:28:19,2292.5739866
2024-09-16 15:28:20,2292.63225483
2024-09-16 15:28:21,2292.745
2024-09-16 15:28:22,2292.73052747
2024-09-16 15:28:23,2292.67475245
2024-09-16 15:28:24,2292.795
2024-09-16 15:28:25,2292.81867323
2024-09-16 15:28:26,2292.79004758
2024-09-16 15:28:27,2292.78952906
2024-09-16 15:28:28,2292.8309999
2024-09-16 15:28:29,2292.90999999
2024-09-16 15:28:30,2292.90499999
2024-09-16 15:28:31,2292.90249999
2024-09-16 15:28:32,2292.86014632
2024-09-16 15:28:33,2292.79459939
2024-09-16 15:28:34,2292.81218912
2024-09-16 15:28:35,2292.71057213
2024-09-16 15:28:36,2292.67667227
2024-09-16 15:28:37,2292.72692183
2024-09-16 15:28:38,2292.70012455
2024-09-16 15:28:39,2292.68999999
2024-09-16 15:28:40,2292.20283497
2024-09-16 15:28:41,2292.21661013
2024-09-16 15:28:42,2292.21661013
2024-09-16 15:28:43,2292.62499999
2024-09-16 15:28:44,2292.70516625
2024-09-16 15:28:45,2292.75183277
2024-09-16 15:28:46,2292.73143574
2024-09-16 15:28:47,2292.69690463
2024-09-16 15:28:48,2292.70568855
2024-09-16 15:28:49,2292.72247302
2024-09-16 15:28:50,2292.68556772
2024-09-16 15:28:51,2292.74960455
2024-09-16 15:28:52,2292.845
2024-09-16 15:28:53,2292.81710069
2024-09-16 15:28:54,2292.77189441
2024-09-16 15:28:55,2292.80187957
2024-09-16 15:28:56,2292.80318059
2024-09-16 15:28:57,2292.77925511
2024-09-16 15:28:58,2292.74697705
2024-09-16 15:28:59,2293.07654352
2024-09-16 15:29:00,2293.21000299
2024-09-16 15:27:00,2293.14906623
2024-09-16 15:27:01,2292.94828028
2024-09-16 15:27:02,2292.92195232
2024-09-16 15:27:03,2292.54476539
2024-09-16 15:27:04,2292.54476539
2024-09-16 15:27:05,2292.35957477
2024-09-16 15:27:06,2291.839088
2024-09-16 15:27:07,2291.81946302
2024-09-16 15:27:08,2291.82
2024-09-16 15:27:09,2291.815
2024-09-16 15:27:10,2291.66250949
2024-09-16 15:27:11,2291.83534095
2024-09-16 15:27:12,2291.8391085
2024-09-16 15:27:13,2291.94511077
2024-09-16 15:27:14,2291.9766175
2024-09-16 15:27:15,2292.21963384
2024-09-16 15:27:16,2292.5285938
2024-09-16 15:27:17,2292.535
2024-09-16 15:27:18,2292.565
2024-09-16 15:27:19,2292.58896282
2024-09-16 15:27:20,2292.52425933
2024-09-16 15:27:21,2292.54795956
2024-09-16 15:27:22,2292.91749441
2024-09-16 15:27:23,2292.98940615
2024-09-16 15:27:24,2292.91617842
2024-09-16 15:27:25,2292.96350555
2024-09-16 15:27:26,2292.88697322
2024-09-16 15:27:27,2293.03436548
2024-09-16 15:27:28,2292.79423755
2024-09-16 15:27:29,2292.98750049
2024-09-16 15:27:30,2292.90597132
2024-09-16 15:27:31,2292.92898581
2024-09-16 15:27:32,2292.8855763
2024-09-16 15:27:33,2292.865
2024-09-16 15:27:34,2292.905
2024-09-16 15:27:35,2292.90499999
2024-09-16 15:27:36,2292.89901006
2024-09-16 15:27:37,2292.91896502
2024-09-16 15:27:38,2292.84913726
2024-09-16 15:27:39,2292.87831315
2024-09-16 15:27:40,2292.92250049
2024-09-16 15:27:41,2292.83167566
2024-09-16 15:27:42,2292.90648786
2024-09-16 15:27:43,2292.885
2024-09-16 15:27:44,2292.81585913
2024-09-16 15:27:45,2292.86184318
2024-09-16 15:27:46,2292.88412521
2024-09-16 15:27:47,2293.016372
2024-09-16 15:27:48,2292.8210263
2024-09-16 15:27:49,2292.92212332
2024-09-16 15:27:50,2292.90163746
2024-09-16 15:27:51,2292.90663744
2024-09-16 15:27:52,2292.92301008
2024-09-16 15:27:53,2292.89420012
2024-09-16 15:27:54,2292.79625822
2024-09-16 15:27:55,2292.7439797
2024-09-16 15:27:56,2292.81001499
2024-09-16 15:27:57,2292.74971192
2024-09-16 15:27:58,2292.72222994
2024-09-16 15:27:59,2292.62373582
2024-09-16 15:28:00,2292.71296277
2024-09-16 15:26:00,2291.54428308
2024-09-16 15:26:01,2291.52479152
2024-09-16 15:26:02,2291.54172462
2024-09-16 15:26:03,2291.86150891
2024-09-16 15:26:04,2291.9466502
2024-09-16 15:26:05,2292.09
2024-09-16 15:26:06,2292.329161
2024-09-16 15:26:07,2292.58622667
2024-09-16 15:26:08,2292.81993842
2024-09-16 15:26:09,2292.95990733
2024-09-16 15:26:10,2293.04499998
2024-09-16 15:26:11,2293.00414377
2024-09-16 15:26:12,2292.98900277
2024-09-16 15:26:13,2292.9310657
2024-09-16 15:26:14,2292.93876375
2024-09-16 15:26:15,2293.09614339
2024-09-16 15:26:16,2293.04364389
2024-09-16 15:26:17,2293.03499391
2024-09-16 15:26:18,2292.92495238
2024-09-16 15:26:19,2293.05062327
2024-09-16 15:26:20,2292.94833586
2024-09-16 15:26:21,2293.00733138
2024-09-16 15:26:22,2292.96470785
2024-09-16 15:26:23,2293.0107872
2024-09-16 15:26:24,2293.27113129
2024-09-16 15:26:25,2293.58407891
2024-09-16 15:26:26,2293.59748674
2024-09-16 15:26:27,2293.59748674
2024-09-16 15:26:28,2293.58597965
2024-09-16 15:26:29,2293.39687231
2024-09-16 15:26:30,2293.28764387
2024-09-16 15:26:31,2293.4125005
2024-09-16 15:26:32,2293.336753
2024-09-16 15:26:33,2293.26157293
2024-09-16 15:26:34,2293.40050666
2024-09-16 15:26:35,2293.41658947
2024-09-16 15:26:36,2293.35969083
2024-09-16 15:26:37,2293.27960622
2024-09-16 15:26:38,2293.24116413
2024-09-16 15:26:39,2293.27716459
2024-09-16 15:26:40,2293.34126575
2024-09-16 15:26:41,2293.3838417
2024-09-16 15:26:42,2293.20307913
2024-09-16 15:26:43,2293.38327177
2024-09-16 15:26:44,2293.26606769
2024-09-16 15:26:45,2293.21276206
2024-09-16 15:26:46,2293.18472463
2024-09-16 15:26:47,2292.865
2024-09-16 15:26:48,2292.72953413
2024-09-16 15:26:49,2292.75702791
2024-09-16 15:26:50,2292.70976214
2024-09-16 15:26:51,2292.74371783
2024-09-16 15:26:52,2292.84974832
2024-09-16 15:26:53,2292.91870041
2024-09-16 15:26:54,2293.00089859
2024-09-16 15:26:55,2293.08104626
2024-09-16 15:26:56,2293.20403435
2024-09-16 15:26:57,2293.10260979
2024-09-16 15:26:58,2293.13771006
2024-09-16 15:26:59,2293.07949959
2024-09-16 15:27:00,2293.14906623
2024-09-16 15:25:00,2293.96525424
2024-09-16 15:25:01,2293.97500963
2024-09-16 15:25:02,2294.10987827
2024-09-16 15:25:03,2294.01301129
2024-09-16 15:25:04,2293.88840304
2024-09-16 15:25:05,2293.85850655
2024-09-16 15:25:06,2293.77872098
2024-09-16 15:25:07,2293.97044648
2024-09-16 15:25:08,2293.9698507
2024-09-16 15:25:09,2294.07690358
2024-09-16 15:25:10,2293.9325439
2024-09-16 15:25:11,2293.57801784
2024-09-16 15:25:12,2293.37743212
2024-09-16 15:25:13,2292.995
2024-09-16 15:25:14,2292.90632539
2024-09-16 15:25:15,2292.995
2024-09-16 15:25:16,2292.94841164
2024-09-16 15:25:17,2292.9724402
2024-09-16 15:25:18,2292.555
2024-09-16 15:25:19,2292.555
2024-09-16 15:25:20,2292.52295507
2024-09-16 15:25:21,2292.5141515
2024-09-16 15:25:22,2292.30587717
2024-09-16 15:25:23,2292.17016492
2024-09-16 15:25:24,2291.98749976
2024-09-16 15:25:25,2291.8125005
2024-09-16 15:25:26,2291.97260816
2024-09-16 15:25:27,2291.95088433
2024-09-16 15:25:28,2291.620003
2024-09-16 15:25:29,2291.61269562
2024-09-16 15:25:30,2291.61385568
2024-09-16 15:25:31,2291.56251862
2024-09-16 15:25:32,2291.51398541
2024-09-16 15:25:33,2291.48367817
2024-09-16 15:25:34,2291.54822002
2024-09-16 15:25:35,2291.60750049
2024-09-16 15:25:36,2291.51982164
2024-09-16 15:25:37,2291.40406236
2024-09-16 15:25:38,2291.66541002
2024-09-16 15:25:39,2291.915
2024-09-16 15:25:40,2292.000623
2024-09-16 15:25:41,2291.82004762
2024-09-16 15:25:42,2292.04446799
2024-09-16 15:25:43,2292.0201504
2024-09-16 15:25:44,2291.87945536
2024-09-16 15:25:45,2291.97361979
2024-09-16 15:25:46,2292.0325005
2024-09-16 15:25:47,2291.94497087
2024-09-16 15:25:48,2291.92257678
2024-09-16 15:25:49,2291.89195997
2024-09-16 15:25:50,2292.00673838
2024-09-16 15:25:51,2291.94576541
2024-09-16 15:25:52,2291.8063831
2024-09-16 15:25:53,2291.83212467
2024-09-16 15:25:54,2291.77454358
2024-09-16 15:25:55,2291.82798616
2024-09-16 15:25:56,2291.77057247
2024-09-16 15:25:57,2291.79055419
2024-09-16 15:25:58,2291.5775005
2024-09-16 15:25:59,2291.525
2024-09-16 15:26:00,2291.54428308
2024-09-16 15:24:00,2291.194047
2024-09-16 15:24:00,2291.194047
2024-09-16 15:24:01,2291.17310999
2024-09-16 15:24:01,2291.17310999
2024-09-16 15:24:02,2291.07963551
2024-09-16 15:24:02,2291.07963551
2024-09-16 15:24:03,2291.11113927
2024-09-16 15:24:03,2291.11113927
2024-09-16 15:24:04,2291.2025005
2024-09-16 15:24:04,2291.2025005
2024-09-16 15:24:05,2291.00236113
2024-09-16 15:24:05,2291.00236113
2024-09-16 15:24:06,2291.1965495
2024-09-16 15:24:06,2291.1965495
2024-09-16 15:24:07,2291.64674603
2024-09-16 15:24:08,2292.06720983
2024-09-16 15:24:09,2292.41883141
2024-09-16 15:24:10,2292.52593114
2024-09-16 15:24:11,2292.52955547
2024-09-16 15:24:12,2292.4232075
2024-09-16 15:24:13,2292.3802953
2024-09-16 15:24:14,2292.4944786
2024-09-16 15:24:15,2292.53124981
2024-09-16 15:24:16,2292.525
2024-09-16 15:24:17,2292.53560489
2024-09-16 15:24:18,2292.525
2024-09-16 15:24:19,2292.525
2024-09-16 15:24:20,2292.34232812
2024-09-16 15:24:21,2292.21908236
2024-09-16 15:24:22,2292.335
2024-09-16 15:24:23,2292.294158
2024-09-16 15:24:24,2292.32372441
2024-09-16 15:24:25,2292.26551206
2024-09-16 15:24:26,2292.30418025
2024-09-16 15:24:27,2292.29499999
2024-09-16 15:24:28,2292.29567913
2024-09-16 15:24:29,2292.29979228
2024-09-16 15:24:30,2292.31489614
2024-09-16 15:24:31,2292.33666926
2024-09-16 15:24:32,2292.31842787
2024-09-16 15:24:33,2292.3263708
2024-09-16 15:24:34,2292.345
2024-09-16 15:24:35,2292.38947399
2024-09-16 15:24:36,2292.37543062
2024-09-16 15:24:37,2292.38546796
2024-09-16 15:24:38,2292.41370964
2024-09-16 15:24:39,2292.67064366
2024-09-16 15:24:40,2292.80958937
2024-09-16 15:24:41,2293.1522012
2024-09-16 15:24:42,2293.24835943
2024-09-16 15:24:43,2293.31742611
2024-09-16 15:24:44,2293.35750225
2024-09-16 15:24:45,2293.36736196
2024-09-16 15:24:46,2293.35904235
2024-09-16 15:24:47,2293.39890554
2024-09-16 15:24:48,2293.45172247
2024-09-16 15:24:49,2293.64772641
2024-09-16 15:24:50,2293.74
2024-09-16 15:24:51,2294.285
2024-09-16 15:24:52,2294.295
2024-09-16 15:24:53,2293.8509627
2024-09-16 15:24:54,2294.04429166
2024-09-16 15:24:55,2294.00061798
2024-09-16 15:24:56,2294.19000299
2024-09-16 15:24:57,2293.99087641
2024-09-16 15:24:58,2293.8548053
2024-09-16 15:24:59,2293.81757385
2024-09-16 15:25:00,2293.96525424
2024-09-16 15:23:00,2291.72787651
2024-09-16 15:23:00,2291.72787651
2024-09-16 15:23:01,2291.82941947
2024-09-16 15:23:01,2291.82941947
2024-09-16 15:23:02,2291.50877449
2024-09-16 15:23:02,2291.50877449
2024-09-16 15:23:03,2291.08491611
2024-09-16 15:23:03,2291.08491611
2024-09-16 15:23:04,2290.7365007
2024-09-16 15:23:04,2290.7365007
2024-09-16 15:23:05,2290.75756956
2024-09-16 15:23:05,2290.75756956
2024-09-16 15:23:06,2290.645
2024-09-16 15:23:06,2290.645
2024-09-16 15:23:07,2290.625
2024-09-16 15:23:07,2290.625
2024-09-16 15:23:08,2290.55307576
2024-09-16 15:23:08,2290.55307576
2024-09-16 15:23:09,2290.52885373
2024-09-16 15:23:09,2290.52885373
2024-09-16 15:23:10,2290.57229025
2024-09-16 15:23:10,2290.57229025
2024-09-16 15:23:11,2290.21667787
2024-09-16 15:23:11,2290.21667787
2024-09-16 15:23:12,2290.0534408
2024-09-16 15:23:12,2290.0534408
2024-09-16 15:23:13,2290.0558806
2024-09-16 15:23:13,2290.0558806
2024-09-16 15:23:14,2290.02327455
2024-09-16 15:23:14,2290.02327455
2024-09-16 15:23:15,2290.01768173
2024-09-16 15:23:15,2290.01768173
2024-09-16 15:23:16,2290.20813163
2024-09-16 15:23:16,2290.20813163
2024-09-16 15:23:17,2290.22807287
2024-09-16 15:23:17,2290.22807287
2024-09-16 15:23:18,2290.25093688
2024-09-16 15:23:18,2290.25093688
2024-09-16 15:23:19,2290.21080785
2024-09-16 15:23:19,2290.21080785
2024-09-16 15:23:20,2290.18546859
2024-09-16 15:23:20,2290.18546859
2024-09-16 15:23:21,2290.27358419
2024-09-16 15:23:21,2290.27358419
2024-09-16 15:23:22,2290.54701209
2024-09-16 15:23:22,2290.54701209
2024-09-16 15:23:23,2290.66499999
2024-09-16 15:23:23,2290.66499999
2024-09-16 15:23:24,2290.65906398
2024-09-16 15:23:24,2290.65906398
2024-09-16 15:23:25,2290.61916831
2024-09-16 15:23:25,2290.61916831
2024-09-16 15:23:26,2290.50888784
2024-09-16 15:23:26,2290.50888784
2024-09-16 15:23:27,2290.62486281
2024-09-16 15:23:27,2290.62486281
2024-09-16 15:23:28,2290.60921763
2024-09-16 15:23:28,2290.60921763
2024-09-16 15:23:29,2290.69250049
2024-09-16 15:23:29,2290.69250049
2024-09-16 15:23:30,2290.6224228
2024-09-16 15:23:30,2290.6224228
2024-09-16 15:23:31,2290.43818431
2024-09-16 15:23:31,2290.43818431
2024-09-16 15:23:32,2290.43780774
2024-09-16 15:23:32,2290.43780774
2024-09-16 15:23:33,2290.56668034
2024-09-16 15:23:33,2290.56668034
2024-09-16 15:23:34,2290.67789435
2024-09-16 15:23:34,2290.67789435
2024-09-16 15:23:35,2290.71776116
2024-09-16 15:23:35,2290.71776116
2024-09-16 15:23:36,2290.75998033
2024-09-16 15:23:36,2290.75998033
2024-09-16 15:23:37,2290.59975154
2024-09-16 15:23:37,2290.59975154
2024-09-16 15:23:38,2290.5681192
2024-09-16 15:23:38,2290.5681192
2024-09-16 15:23:39,2290.17393799
2024-09-16 15:23:39,2290.17393799
2024-09-16 15:23:40,2290.40896158
2024-09-16 15:23:40,2290.40896158
2024-09-16 15:23:41,2290.40433115
2024-09-16 15:23:41,2290.40433115
2024-09-16 15:23:42,2290.46754307
2024-09-16 15:23:42,2290.46754307
2024-09-16 15:23:43,2290.49686731
2024-09-16 15:23:43,2290.49686731
2024-09-16 15:23:44,2290.44836412
2024-09-16 15:23:44,2290.44836412
2024-09-16 15:23:45,2290.51340495
2024-09-16 15:23:45,2290.51340495
2024-09-16 15:23:46,2290.5057444
2024-09-16 15:23:46,2290.5057444
2024-09-16 15:23:47,2290.84195441
2024-09-16 15:23:47,2290.84195441
2024-09-16 15:23:49,2291.01351564
2024-09-16 15:23:49,2291.01351564
2024-09-16 15:23:50,2290.97262064
2024-09-16 15:23:50,2290.97262064
2024-09-16 15:23:51,2291.02384127
2024-09-16 15:23:51,2291.02384127
2024-09-16 15:23:52,2291.1783036
2024-09-16 15:23:52,2291.1783036
2024-09-16 15:23:53,2291.25353407
2024-09-16 15:23:53,2291.25353407
2024-09-16 15:23:54,2291.17127393
2024-09-16 15:23:54,2291.17127393
2024-09-16 15:23:55,2291.1292325
2024-09-16 15:23:55,2291.1292325
2024-09-16 15:23:56,2291.11423549
2024-09-16 15:23:56,2291.11423549
2024-09-16 15:23:57,2291.13838796
2024-09-16 15:23:57,2291.13838796
2024-09-16 15:23:58,2291.12562245
2024-09-16 15:23:58,2291.12562245
2024-09-16 15:23:59,2291.05507918
2024-09-16 15:23:59,2291.05507918
2024-09-16 15:24:00,2291.194047
2024-09-16 15:24:00,2291.194047
2024-09-16 15:22:00,2291.27075012
2024-09-16 15:22:00,2291.27075012
2024-09-16 15:22:01,2291.2700005
2024-09-16 15:22:01,2291.2700005
2024-09-16 15:22:02,2291.4525
2024-09-16 15:22:02,2291.4525
2024-09-16 15:22:03,2291.7125
2024-09-16 15:22:03,2291.7125
2024-09-16 15:22:04,2291.86707427
2024-09-16 15:22:04,2291.86707427
2024-09-16 15:22:05,2292.02257084
2024-09-16 15:22:05,2292.02257084
2024-09-16 15:22:06,2292.34466897
2024-09-16 15:22:06,2292.34466897
2024-09-16 15:22:07,2292.4260467
2024-09-16 15:22:07,2292.4260467
2024-09-16 15:22:08,2292.31524332
2024-09-16 15:22:08,2292.31524332
2024-09-16 15:22:09,2292.13107075
2024-09-16 15:22:09,2292.13107075
2024-09-16 15:22:10,2292.3349249
2024-09-16 15:22:10,2292.3349249
2024-09-16 15:22:11,2292.3750084
2024-09-16 15:22:11,2292.3750084
2024-09-16 15:22:12,2292.21558574
2024-09-16 15:22:12,2292.21558574
2024-09-16 15:22:13,2292.24690459
2024-09-16 15:22:13,2292.24690459
2024-09-16 15:22:14,2292.39000066
2024-09-16 15:22:14,2292.39000066
2024-09-16 15:22:15,2292.39333389
2024-09-16 15:22:15,2292.39333389
2024-09-16 15:22:16,2292.40614948
2024-09-16 15:22:16,2292.40614948
2024-09-16 15:22:17,2292.34821054
2024-09-16 15:22:17,2292.34821054
2024-09-16 15:22:18,2292.64250993
2024-09-16 15:22:18,2292.64250993
2024-09-16 15:22:19,2292.64638195
2024-09-16 15:22:19,2292.64638195
2024-09-16 15:22:20,2292.65425535
2024-09-16 15:22:20,2292.65425535
2024-09-16 15:22:21,2292.69055522
2024-09-16 15:22:21,2292.69055522
2024-09-16 15:22:22,2293.09696761
2024-09-16 15:22:22,2293.09696761
2024-09-16 15:22:23,2293.1209948
2024-09-16 15:22:23,2293.1209948
2024-09-16 15:22:24,2292.63995424
2024-09-16 15:22:24,2292.63995424
2024-09-16 15:22:25,2292.49716206
2024-09-16 15:22:25,2292.49716206
2024-09-16 15:22:26,2292.43687968
2024-09-16 15:22:26,2292.43687968
2024-09-16 15:22:27,2292.40088665
2024-09-16 15:22:27,2292.40088665
2024-09-16 15:22:28,2292.38423579
2024-09-16 15:22:28,2292.38423579
2024-09-16 15:22:29,2292.4166735
2024-09-16 15:22:29,2292.4166735
2024-09-16 15:22:30,2292.44271561
2024-09-16 15:22:30,2292.44271561
2024-09-16 15:22:31,2292.485
2024-09-16 15:22:31,2292.485
2024-09-16 15:22:32,2292.53167301
2024-09-16 15:22:32,2292.53167301
2024-09-16 15:22:33,2292.52000003
2024-09-16 15:22:33,2292.52000003
2024-09-16 15:22:34,2292.336654
2024-09-16 15:22:34,2292.336654
2024-09-16 15:22:35,2292.34914987
2024-09-16 15:22:35,2292.34914987
2024-09-16 15:22:36,2292.26070449
2024-09-16 15:22:36,2292.26070449
2024-09-16 15:22:37,2292.27102308
2024-09-16 15:22:37,2292.27102308
2024-09-16 15:22:38,2292.56915126
2024-09-16 15:22:38,2292.56915126
2024-09-16 15:22:39,2292.51500008
2024-09-16 15:22:39,2292.51500008
2024-09-16 15:22:40,2292.56842934
2024-09-16 15:22:40,2292.56842934
2024-09-16 15:22:41,2292.59266299
2024-09-16 15:22:41,2292.59266299
2024-09-16 15:22:42,2292.620003
2024-09-16 15:22:42,2292.620003
2024-09-16 15:22:43,2292.60255835
2024-09-16 15:22:43,2292.60255835
2024-09-16 15:22:44,2292.48637794
2024-09-16 15:22:44,2292.48637794
2024-09-16 15:22:45,2292.47850241
2024-09-16 15:22:45,2292.47850241
2024-09-16 15:22:46,2292.31053988
2024-09-16 15:22:46,2292.31053988
2024-09-16 15:22:47,2292.075
2024-09-16 15:22:47,2292.075
2024-09-16 15:22:48,2291.95243679
2024-09-16 15:22:48,2291.95243679
2024-09-16 15:22:49,2291.8125005
2024-09-16 15:22:49,2291.8125005
2024-09-16 15:22:50,2291.90186726
2024-09-16 15:22:50,2291.90186726
2024-09-16 15:22:51,2291.82739453
2024-09-16 15:22:51,2291.82739453
2024-09-16 15:22:52,2291.74318092
2024-09-16 15:22:52,2291.74318092
2024-09-16 15:22:53,2291.82938472
2024-09-16 15:22:53,2291.82938472
2024-09-16 15:22:54,2291.90250049
2024-09-16 15:22:54,2291.90250049
2024-09-16 15:22:55,2291.86335812
2024-09-16 15:22:55,2291.86335812
2024-09-16 15:22:56,2292.01992237
2024-09-16 15:22:56,2292.01992237
2024-09-16 15:22:57,2292.05578556
2024-09-16 15:22:57,2292.05578556
2024-09-16 15:22:58,2291.989125
2024-09-16 15:22:58,2291.989125
2024-09-16 15:22:59,2291.94026118
2024-09-16 15:22:59,2291.94026118
2024-09-16 15:23:00,2291.72787651
2024-09-16 15:23:00,2291.72787651
2024-09-16 15:21:00,2291.16250049
2024-09-16 15:21:01,2291.11796968
2024-09-16 15:21:02,2291.20696583
2024-09-16 15:21:03,2291.30999998
2024-09-16 15:21:04,2291.36312225
2024-09-16 15:21:05,2291.47155799
2024-09-16 15:21:06,2291.31176969
2024-09-16 15:21:07,2291.31747198
2024-09-16 15:21:08,2291.17956909
2024-09-16 15:21:09,2291.2215535
2024-09-16 15:21:10,2291.1672861
2024-09-16 15:21:10,2291.1672861
2024-09-16 15:21:11,2290.7576985
2024-09-16 15:21:11,2290.7576985
2024-09-16 15:21:12,2290.49239246
2024-09-16 15:21:12,2290.49239246
2024-09-16 15:21:13,2290.43528174
2024-09-16 15:21:13,2290.43528174
2024-09-16 15:21:14,2290.2825005
2024-09-16 15:21:14,2290.2825005
2024-09-16 15:21:15,2290.31564433
2024-09-16 15:21:15,2290.31564433
2024-09-16 15:21:17,2290.48539617
2024-09-16 15:21:17,2290.48539617
2024-09-16 15:21:18,2290.32847572
2024-09-16 15:21:18,2290.32847572
2024-09-16 15:21:19,2290.45257842
2024-09-16 15:21:19,2290.45257842
2024-09-16 15:21:20,2290.33506233
2024-09-16 15:21:20,2290.33506233
2024-09-16 15:21:21,2290.42003587
2024-09-16 15:21:21,2290.42003587
2024-09-16 15:21:22,2290.56792325
2024-09-16 15:21:22,2290.56792325
2024-09-16 15:21:23,2290.59743543
2024-09-16 15:21:23,2290.59743543
2024-09-16 15:21:24,2290.7628433
2024-09-16 15:21:24,2290.7628433
2024-09-16 15:21:25,2290.87851797
2024-09-16 15:21:25,2290.87851797
2024-09-16 15:21:26,2290.89742499
2024-09-16 15:21:26,2290.89742499
2024-09-16 15:21:27,2290.6875005
2024-09-16 15:21:27,2290.6875005
2024-09-16 15:21:28,2290.71370677
2024-09-16 15:21:28,2290.71370677
2024-09-16 15:21:29,2290.65397123
2024-09-16 15:21:29,2290.65397123
2024-09-16 15:21:30,2290.80735082
2024-09-16 15:21:30,2290.80735082
2024-09-16 15:21:31,2290.64235178
2024-09-16 15:21:31,2290.64235178
2024-09-16 15:21:32,2290.49324432
2024-09-16 15:21:32,2290.49324432
2024-09-16 15:21:33,2290.46579078
2024-09-16 15:21:33,2290.46579078
2024-09-16 15:21:34,2290.47645603
2024-09-16 15:21:34,2290.47645603
2024-09-16 15:21:35,2290.56729712
2024-09-16 15:21:35,2290.56729712
2024-09-16 15:21:36,2290.51975874
2024-09-16 15:21:36,2290.51975874
2024-09-16 15:21:37,2290.4873409
2024-09-16 15:21:37,2290.4873409
2024-09-16 15:21:38,2290.51507914
2024-09-16 15:21:38,2290.51507914
2024-09-16 15:21:39,2290.2923516
2024-09-16 15:21:39,2290.2923516
2024-09-16 15:21:40,2290.29874707
2024-09-16 15:21:40,2290.29874707
2024-09-16 15:21:41,2290.33590482
2024-09-16 15:21:41,2290.33590482
2024-09-16 15:21:42,2290.25395599
2024-09-16 15:21:42,2290.25395599
2024-09-16 15:21:43,2290.26457913
2024-09-16 15:21:43,2290.26457913
2024-09-16 15:21:44,2290.58895794
2024-09-16 15:21:44,2290.58895794
2024-09-16 15:21:45,2290.84
2024-09-16 15:21:45,2290.84
2024-09-16 15:21:46,2291.0001536
2024-09-16 15:21:46,2291.0001536
2024-09-16 15:21:47,2291.3275005
2024-09-16 15:21:47,2291.3275005
2024-09-16 15:21:48,2291.12220019
2024-09-16 15:21:48,2291.12220019
2024-09-16 15:21:49,2291.096522
2024-09-16 15:21:49,2291.096522
2024-09-16 15:21:50,2290.919717
2024-09-16 15:21:50,2290.919717
2024-09-16 15:21:51,2290.80077063
2024-09-16 15:21:51,2290.80077063
2024-09-16 15:21:52,2290.82240852
2024-09-16 15:21:52,2290.82240852
2024-09-16 15:21:53,2290.70505262
2024-09-16 15:21:53,2290.70505262
2024-09-16 15:21:54,2290.98442051
2024-09-16 15:21:54,2290.98442051
2024-09-16 15:21:55,2291.00060446
2024-09-16 15:21:55,2291.00060446
2024-09-16 15:21:56,2291.06926861
2024-09-16 15:21:56,2291.06926861
2024-09-16 15:21:57,2291.01321583
2024-09-16 15:21:57,2291.01321583
2024-09-16 15:21:58,2291.08268647
2024-09-16 15:21:58,2291.08268647
2024-09-16 15:21:59,2291.19691786
2024-09-16 15:21:59,2291.19691786
2024-09-16 15:22:00,2291.27075012
2024-09-16 15:22:00,2291.27075012
2024-09-16 15:20:00,2289.37163243
2024-09-16 15:20:01,2289.38960607
2024-09-16 15:20:02,2288.97289043
2024-09-16 15:20:03,2288.85064515
2024-09-16 15:20:04,2288.8525005
2024-09-16 15:20:05,2288.91881999
2024-09-16 15:20:06,2289.01646484
2024-09-16 15:20:07,2289.36080875
2024-09-16 15:20:08,2289.23187943
2024-09-16 15:20:09,2289.3681669
2024-09-16 15:20:10,2289.68813016
2024-09-16 15:20:11,2290.04671877
2024-09-16 15:20:12,2290.27181642
2024-09-16 15:20:13,2290.51858991
2024-09-16 15:20:14,2291.02776271
2024-09-16 15:20:15,2290.94922208
2024-09-16 15:20:16,2290.64380711
2024-09-16 15:20:17,2290.67032758
2024-09-16 15:20:18,2290.34150564
2024-09-16 15:20:19,2290.38227535
2024-09-16 15:20:20,2290.68870443
2024-09-16 15:20:21,2290.81436642
2024-09-16 15:20:22,2290.94677515
2024-09-16 15:20:23,2291.08572292
2024-09-16 15:20:24,2291.12923956
2024-09-16 15:20:25,2291.28251887
2024-09-16 15:20:26,2291.22077962
2024-09-16 15:20:27,2291.39256408
2024-09-16 15:20:28,2291.31220327
2024-09-16 15:20:29,2291.37422422
2024-09-16 15:20:30,2291.505
2024-09-16 15:20:31,2291.52500005
2024-09-16 15:20:32,2291.485
2024-09-16 15:20:33,2290.83090406
2024-09-16 15:20:34,2290.82890156
2024-09-16 15:20:35,2291.28
2024-09-16 15:20:36,2291.48374297
2024-09-16 15:20:37,2291.54776115
2024-09-16 15:20:38,2291.6308417
2024-09-16 15:20:39,2291.60893248
2024-09-16 15:20:40,2291.61320596
2024-09-16 15:20:41,2291.59510915
2024-09-16 15:20:42,2291.62897924
2024-09-16 15:20:43,2291.4375005
2024-09-16 15:20:44,2291.47196877
2024-09-16 15:20:45,2291.42491137
2024-09-16 15:20:46,2291.475
2024-09-16 15:20:47,2291.475
2024-09-16 15:20:48,2291.0088107
2024-09-16 15:20:49,2291.00677327
2024-09-16 15:20:50,2291.0297146
2024-09-16 15:20:51,2291.11944951
2024-09-16 15:20:52,2291.235
2024-09-16 15:20:53,2291.22671361
2024-09-16 15:20:54,2291.235
2024-09-16 15:20:55,2291.21750049
2024-09-16 15:20:56,2291.37691005
2024-09-16 15:20:57,2291.37691005
2024-09-16 15:20:58,2291.22718601
2024-09-16 15:20:59,2291.19203849
2024-09-16 15:21:00,2291.16250049
2024-09-16 15:19:00,2288.2737505
2024-09-16 15:19:01,2288.18798159
2024-09-16 15:19:02,2288.19189468
2024-09-16 15:19:03,2288.02979853
2024-09-16 15:19:04,2287.915
2024-09-16 15:19:05,2287.954585
2024-09-16 15:19:06,2287.9428776
2024-09-16 15:19:07,2288.16846844
2024-09-16 15:19:08,2288.12932781
2024-09-16 15:19:09,2288.17044059
2024-09-16 15:19:10,2287.96863202
2024-09-16 15:19:11,2288.03180805
2024-09-16 15:19:12,2288.06813178
2024-09-16 15:19:13,2287.83805703
2024-09-16 15:19:14,2287.3400246
2024-09-16 15:19:15,2287.50699252
2024-09-16 15:19:16,2287.59553085
2024-09-16 15:19:17,2287.43452722
2024-09-16 15:19:18,2286.975
2024-09-16 15:19:19,2287.05079965
2024-09-16 15:19:20,2287.04318824
2024-09-16 15:19:21,2287.1683698
2024-09-16 15:19:22,2286.89599733
2024-09-16 15:19:23,2287.05657799
2024-09-16 15:19:24,2286.91144638
2024-09-16 15:19:25,2286.98996496
2024-09-16 15:19:26,2287.06990028
2024-09-16 15:19:27,2287.02994451
2024-09-16 15:19:28,2286.99852348
2024-09-16 15:19:29,2287.2524999
2024-09-16 15:19:30,2287.25968082
2024-09-16 15:19:31,2287.35941169
2024-09-16 15:19:32,2287.8025025
2024-09-16 15:19:33,2287.838711
2024-09-16 15:19:34,2287.9850752
2024-09-16 15:19:35,2288.145
2024-09-16 15:19:36,2288.05612648
2024-09-16 15:19:37,2288.07749939
2024-09-16 15:19:38,2288.01235122
2024-09-16 15:19:39,2287.93477455
2024-09-16 15:19:40,2288.05060703
2024-09-16 15:19:41,2288.03226483
2024-09-16 15:19:42,2288.39750049
2024-09-16 15:19:43,2288.39250049
2024-09-16 15:19:44,2288.95273344
2024-09-16 15:19:45,2289.97189279
2024-09-16 15:19:46,2289.97749346
2024-09-16 15:19:47,2290.27689798
2024-09-16 15:19:48,2290.16569879
2024-09-16 15:19:49,2290.20999975
2024-09-16 15:19:50,2290.20501509
2024-09-16 15:19:51,2290.01547019
2024-09-16 15:19:52,2290.010003
2024-09-16 15:19:53,2290.01507794
2024-09-16 15:19:54,2289.98727966
2024-09-16 15:19:55,2290.02489415
2024-09-16 15:19:56,2289.72859557
2024-09-16 15:19:57,2289.73733941
2024-09-16 15:19:58,2289.7244335
2024-09-16 15:19:59,2289.605003
2024-09-16 15:20:00,2289.37163243
2024-09-16 15:18:00,2284.81049138
2024-09-16 15:18:01,2284.9354037
2024-09-16 15:18:02,2285.29345991
2024-09-16 15:18:03,2285.42490252
2024-09-16 15:18:04,2285.47748807
2024-09-16 15:18:05,2285.56210701
2024-09-16 15:18:06,2285.78474076
2024-09-16 15:18:07,2285.77991905
2024-09-16 15:18:08,2285.79474076
2024-09-16 15:18:09,2285.79474076
2024-09-16 15:18:10,2285.74571739
2024-09-16 15:18:11,2285.70318446
2024-09-16 15:18:12,2285.74762498
2024-09-16 15:18:13,2285.75873305
2024-09-16 15:18:14,2285.84177503
2024-09-16 15:18:15,2285.95499999
2024-09-16 15:18:16,2285.995
2024-09-16 15:18:17,2285.9417851
2024-09-16 15:18:18,2285.92840906
2024-09-16 15:18:19,2285.96728595
2024-09-16 15:18:20,2286.075
2024-09-16 15:18:21,2286.0426776
2024-09-16 15:18:22,2286.31839778
2024-09-16 15:18:23,2286.71336873
2024-09-16 15:18:24,2286.94249998
2024-09-16 15:18:25,2286.95154083
2024-09-16 15:18:26,2287.07093375
2024-09-16 15:18:27,2287.04025007
2024-09-16 15:18:28,2287.02391441
2024-09-16 15:18:29,2286.92880247
2024-09-16 15:18:30,2286.99809259
2024-09-16 15:18:31,2287.22519397
2024-09-16 15:18:32,2287.13962768
2024-09-16 15:18:33,2287.24311066
2024-09-16 15:18:34,2287.11961686
2024-09-16 15:18:35,2287.12682728
2024-09-16 15:18:36,2286.89793205
2024-09-16 15:18:37,2286.94760032
2024-09-16 15:18:38,2286.97745209
2024-09-16 15:18:39,2286.94064056
2024-09-16 15:18:40,2287.06766117
2024-09-16 15:18:41,2287.23239628
2024-09-16 15:18:42,2287.14978428
2024-09-16 15:18:43,2287.2325856
2024-09-16 15:18:44,2287.88242797
2024-09-16 15:18:45,2287.96008298
2024-09-16 15:18:46,2288.07865002
2024-09-16 15:18:47,2288.34313077
2024-09-16 15:18:48,2288.34313077
2024-09-16 15:18:49,2288.28375633
2024-09-16 15:18:50,2288.19
2024-09-16 15:18:51,2288.20032689
2024-09-16 15:18:52,2288.19748028
2024-09-16 15:18:53,2288.3147399
2024-09-16 15:18:54,2288.18729915
2024-09-16 15:18:55,2288.21400847
2024-09-16 15:18:56,2288.3175025
2024-09-16 15:18:57,2288.16551646
2024-09-16 15:18:58,2288.19745916
2024-09-16 15:18:59,2288.20151234
2024-09-16 15:19:00,2288.2737505
2024-09-16 15:17:00,2284.75239965
2024-09-16 15:17:01,2284.70823238
2024-09-16 15:17:02,2284.73839849
2024-09-16 15:17:03,2284.73372765
2024-09-16 15:17:04,2284.88899464
2024-09-16 15:17:05,2285.19386727
2024-09-16 15:17:06,2285.3996887
2024-09-16 15:17:07,2285.4934585
2024-09-16 15:17:08,2285.51859565
2024-09-16 15:17:09,2285.55313312
2024-09-16 15:17:10,2285.62710263
2024-09-16 15:17:11,2285.6767284
2024-09-16 15:17:12,2285.69
2024-09-16 15:17:13,2285.69
2024-09-16 15:17:14,2285.70531121
2024-09-16 15:17:15,2285.725
2024-09-16 15:17:16,2285.70499999
2024-09-16 15:17:17,2285.725
2024-09-16 15:17:18,2285.71
2024-09-16 15:17:19,2285.70499999
2024-09-16 15:17:20,2285.735
2024-09-16 15:17:21,2285.72536
2024-09-16 15:17:22,2285.70999999
2024-09-16 15:17:23,2285.72751566
2024-09-16 15:17:24,2285.71999999
2024-09-16 15:17:25,2285.43830345
2024-09-16 15:17:26,2285.42554726
2024-09-16 15:17:27,2285.33302406
2024-09-16 15:17:28,2285.34613461
2024-09-16 15:17:29,2285.32005969
2024-09-16 15:17:30,2285.38328959
2024-09-16 15:17:31,2285.56867145
2024-09-16 15:17:32,2285.48560435
2024-09-16 15:17:33,2285.37651989
2024-09-16 15:17:34,2285.33769746
2024-09-16 15:17:35,2285.03911424
2024-09-16 15:17:36,2285.005
2024-09-16 15:17:37,2284.90889359
2024-09-16 15:17:38,2284.90033496
2024-09-16 15:17:39,2284.89848327
2024-09-16 15:17:40,2284.97855915
2024-09-16 15:17:41,2285.16667343
2024-09-16 15:17:42,2285.15158909
2024-09-16 15:17:43,2285.17555396
2024-09-16 15:17:44,2285.04119041
2024-09-16 15:17:45,2285.190943
2024-09-16 15:17:46,2285.2125005
2024-09-16 15:17:47,2285.2317225
2024-09-16 15:17:48,2285.10612758
2024-09-16 15:17:49,2285.23491088
2024-09-16 15:17:50,2285.09348565
2024-09-16 15:17:51,2285.02379838
2024-09-16 15:17:52,2285.05500049
2024-09-16 15:17:53,2285.07821263
2024-09-16 15:17:54,2285.15525909
2024-09-16 15:17:55,2285.02848998
2024-09-16 15:17:56,2284.96214233
2024-09-16 15:17:57,2284.97523636
2024-09-16 15:17:58,2284.91578902
2024-09-16 15:17:59,2284.80266623
2024-09-16 15:18:00,2284.81049138